,brand,year,car_name,sub_name,quentity
0,BMW,2017,5 Series,520d,"10,249"
1,BMW,2017,5 Series,520d xDrive,"5,712"
2,BMW,2017,5 Series,530i xDrive,"4,690"
3,BMW,2017,5 Series,530i,"4,560"
4,BMW,2017,5 Series,530d,569
5,BMW,2017,5 Series,530d xDrive,123
6,BMW,2017,5 Series,540i xDrive,65
7,BMW,2017,5 Series,540i xDrive,65
8,BMW,2017,3 Series,320d,"6,027"
9,BMW,2017,3 Series,320i,"2,360"
10,BMW,2017,3 Series,320d Gran Turismo,"1,877"
11,BMW,2017,3 Series,320d xDrive Gran Turismo,946
12,BMW,2017,3 Series,330i,807
13,BMW,2017,3 Series,320d xDrive,343
14,BMW,2017,3 Series,320d ED,189
15,BMW,2017,3 Series,320d Touring,53
16,BMW,2017,3 Series,328,3
17,BMW,2017,3 Series,328,3
18,BMW,2017,1 Series,118d,"3,863"
19,BMW,2017,1 Series,118d,"3,863"
20,BMW,2017,7 Series,730Ld xDrive,"1,056"
21,BMW,2017,7 Series,740Li xDrive,759
22,BMW,2017,7 Series,750Li xDrive,637
23,BMW,2017,7 Series,730d xDrive,419
24,BMW,2017,7 Series,740d xDrive,298
25,BMW,2017,7 Series,740Ld xDrive,230
26,BMW,2017,7 Series,740i,1
27,BMW,2017,7 Series,750i xDrive,1
28,BMW,2017,7 Series,750i xDrive,1
29,BMW,2017,X5,30d,"2,747"
30,BMW,2017,X5,40d,337
31,BMW,2017,X5,M50d,193
32,BMW,2017,X5,40e,33
33,BMW,2017,X5,40e,33
34,BMW,2017,X6,30d,"2,223"
35,BMW,2017,X6,40d,173
36,BMW,2017,X6,M50d,171
37,BMW,2017,X6,M,20
38,BMW,2017,X6,M,20
39,BMW,2017,Gran Turismo,GT ED,"1,561"
40,BMW,2017,Gran Turismo,GT 3.0d xDrive,592
41,BMW,2017,Gran Turismo,GT 630d xDrive,199
42,BMW,2017,Gran Turismo,GT 640i xDrive,149
43,BMW,2017,Gran Turismo,GT 35i xDrive,61
44,BMW,2017,Gran Turismo,GT 3.0d,2
45,BMW,2017,Gran Turismo,GT 3.0d,2
46,BMW,2017,4 Series,428i Convertible,468
47,BMW,2017,4 Series,420d Gran Coupe,279
48,BMW,2017,4 Series,420d xDrive Gran Coupe,272
49,BMW,2017,4 Series,420i Gran Coupe,246
50,BMW,2017,4 Series,420d Coupe,168
51,BMW,2017,4 Series,428i Coupe,129
52,BMW,2017,4 Series,420d xDrive Coupe,115
53,BMW,2017,4 Series,435d xDrive Gran Coupe,19
54,BMW,2017,4 Series,420i Coupe,10
55,BMW,2017,4 Series,420i Coupe,10
56,BMW,2017,X3,2.0d,"1,455"
57,BMW,2017,X3,3.0d,28
58,BMW,2017,X3,3.0d,28
59,BMW,2017,X4,20d,"1,427"
60,BMW,2017,X4,20d,"1,427"
61,BMW,2017,X1,18d,"1,034"
62,BMW,2017,X1,20d,248
63,BMW,2017,X1,20d,248
64,BMW,2017,4 Series,420i Gran Coupe,243
65,BMW,2017,4 Series,430i Convertible,185
66,BMW,2017,4 Series,420d Gran Coupe,176
67,BMW,2017,4 Series,420i Coupe,120
68,BMW,2017,4 Series,420d xDrive Gran Coupe,103
69,BMW,2017,4 Series,420d Coupe,80
70,BMW,2017,4 Series,430i Coupe,46
71,BMW,2017,4 Series,435d xDrive Gran Coupe,27
72,BMW,2017,4 Series,435d xDrive Gran Coupe,27
73,BMW,2017,2 Series Active Tourer,Active Tourer,950
74,BMW,2017,2 Series Active Tourer,Active Tourer,950
75,BMW,2017,M,M2,254
76,BMW,2017,M,M3,162
77,BMW,2017,M,M4 Coupe,143
78,BMW,2017,M,M760Li xDrive,108
79,BMW,2017,M,M4 Convertible,103
80,BMW,2017,M,M5,101
81,BMW,2017,M,M 550d xDrive,45
82,BMW,2017,M,M6 Gran Coupe,4
83,BMW,2017,M,M6 Coupe,4
84,BMW,2017,M,M6 Coupe,4
85,BMW,2017,5 Series,520d,289
86,BMW,2017,5 Series,520d xDrive,217
87,BMW,2017,5 Series,530d xDrive,199
88,BMW,2017,5 Series,528i xDrive,56
89,BMW,2017,5 Series,528i,49
90,BMW,2017,5 Series,528i,49
91,BMW,2017,6 Series,640d Gran Coupe xDrive,478
92,BMW,2017,6 Series,650i Convertible,8
93,BMW,2017,6 Series,650i Convertible,8
94,BMW,2017,X3,20d,320
95,BMW,2017,X3,30d,43
96,BMW,2017,X3,30d,43
97,BMW,2017,i3,EV,193
98,BMW,2017,i3,EV,193
99,BMW,2017,i8,1.5,123
100,BMW,2017,i8,1.5,123
101,BMW,2017,Z4,3.5 S,3
102,BMW,2017,Z4, 2.8,2
103,BMW,2017,Z4, 2.8,2
104,BMW,2018,5 Series,520d,"7,704"
105,BMW,2018,5 Series,530i xDrive,"4,400"
106,BMW,2018,5 Series,530i,"4,248"
107,BMW,2018,5 Series,520d xDrive,"3,870"
108,BMW,2018,5 Series,520i,"2,929"
109,BMW,2018,5 Series,540i xDrive,653
110,BMW,2018,5 Series,530d,301
111,BMW,2018,5 Series,M550d xDrive,95
112,BMW,2018,5 Series,M550d xDrive,95
113,BMW,2018,3 Series,320d,"4,862"
114,BMW,2018,3 Series,320i,"2,456"
115,BMW,2018,3 Series,320d Gran Turismo,"1,441"
116,BMW,2018,3 Series,330i,"1,207"
117,BMW,2018,3 Series,320d xDrive Gran Turismo,521
118,BMW,2018,3 Series,320d xDrive,74
119,BMW,2018,3 Series,320d ED,67
120,BMW,2018,3 Series,330e,29
121,BMW,2018,3 Series,320d Touring,5
122,BMW,2018,3 Series,320d Touring,5
123,BMW,2018,X3,20d,"2,289"
124,BMW,2018,X3,30d,206
125,BMW,2018,X3,30d,206
126,BMW,2018,4 Series,420i Gran Coupe,598
127,BMW,2018,4 Series,430i Convertible,596
128,BMW,2018,4 Series,420d Gran Coupe,474
129,BMW,2018,4 Series,420d xDrive Gran Coupe,271
130,BMW,2018,4 Series,420i Coupe,221
131,BMW,2018,4 Series,430i Coupe,146
132,BMW,2018,4 Series,420d Coupe,125
133,BMW,2018,4 Series,435d xDrive Gran Coupe,19
134,BMW,2018,4 Series,435d xDrive Gran Coupe,19
135,BMW,2018,7 Series,730Ld xDrive,761
136,BMW,2018,7 Series,740Li xDrive,636
137,BMW,2018,7 Series,740d xDrive,303
138,BMW,2018,7 Series,730d xDrive,267
139,BMW,2018,7 Series,750Li xDrive,264
140,BMW,2018,7 Series,740Ld xDrive,109
141,BMW,2018,7 Series,740e,80
142,BMW,2018,7 Series,M760Li xDrive,24
143,BMW,2018,7 Series,750Ld xDrive,1
144,BMW,2018,7 Series,750Ld xDrive,1
145,BMW,2018,X5,30d,"1,494"
146,BMW,2018,X5,40e,164
147,BMW,2018,X5,40d,164
148,BMW,2018,X5,M50d,47
149,BMW,2018,X5,M,45
150,BMW,2018,X5,M,45
151,BMW,2018,1 Series,118d,"1,765"
152,BMW,2018,1 Series,118d,"1,765"
153,BMW,2018,X6,30d,"1,456"
154,BMW,2018,X6,40d,166
155,BMW,2018,X6,M,73
156,BMW,2018,X6,M50d,40
157,BMW,2018,X6,M50d,40
158,BMW,2018,6 Series,GT 640i xDrive,601
159,BMW,2018,6 Series,GT 630d xDrive,496
160,BMW,2018,6 Series,640d Gran Coupe xDrive,321
161,BMW,2018,6 Series,640d Gran Coupe xDrive,321
162,BMW,2018,X4,20d,878
163,BMW,2018,X4,30d,5
164,BMW,2018,X4,M40i,4
165,BMW,2018,X4,M40i,4
166,BMW,2018,X1,20d,572
167,BMW,2018,X1,18d,135
168,BMW,2018,X1,18d,135
169,BMW,2018,2 Series Active Tourer,Active Tourer,642
170,BMW,2018,2 Series Active Tourer,Active Tourer,642
171,BMW,2018,M,M3,124
172,BMW,2018,M,M 550d xDrive,100
173,BMW,2018,M,M2,100
174,BMW,2018,M,M760Li xDrive,88
175,BMW,2018,M,M4 Coupe,88
176,BMW,2018,M,M5,55
177,BMW,2018,M,M4 Convertible,44
178,BMW,2018,M,M4 Convertible,44
179,BMW,2018,Gran Turismo,GT 640i xDrive,233
180,BMW,2018,Gran Turismo,GT 630d xDrive,133
181,BMW,2018,Gran Turismo,GT 3.0d xDrive,1
182,BMW,2018,Gran Turismo,GT 3.0d xDrive,1
183,BMW,2018,X4,20d,217
184,BMW,2018,X4,M40d,24
185,BMW,2018,X4,M40d,24
186,BMW,2018,i3,i3,189
187,BMW,2018,i3,i3,189
188,BMW,2018,M2,M2,127
189,BMW,2018,M2,M2,127
190,BMW,2018,M5,M5,125
191,BMW,2018,M5,M5,125
192,BMW,2018,i8,1.5,122
193,BMW,2018,i8,1.5 Roadster,2
194,BMW,2018,i8,1.5 Roadster,2
195,BMW,2018,M4,M4 Coupe,45
196,BMW,2018,M4,M4 Convertible,21
197,BMW,2018,M4,M4 Convertible,21
198,BMW,2018,X2,20d,54
199,BMW,2018,X2,20d,54
200,BMW,2018,M3,3.0,34
201,BMW,2018,M3,3.0,34
202,BMW,2018,i3,EV,2
203,BMW,2018,i3,EV,2
204,BMW,2019,5 Series,520i,"5,792"
205,BMW,2019,5 Series,530i,"4,179"
206,BMW,2019,5 Series,530i xDrive,"3,956"
207,BMW,2019,5 Series,520d,"3,059"
208,BMW,2019,5 Series,520d xDrive,"1,776"
209,BMW,2019,5 Series,530d,430
210,BMW,2019,5 Series,540i xDrive,416
211,BMW,2019,5 Series,530e,209
212,BMW,2019,5 Series,M550d xDrive,141
213,BMW,2019,5 Series,M550d xDrive,141
214,BMW,2019,3 Series,320d,"2,778"
215,BMW,2019,3 Series,320d Gran Turismo,"1,636"
216,BMW,2019,3 Series,330i,838
217,BMW,2019,3 Series,320d xDrive Gran Turismo,596
218,BMW,2019,3 Series,320i,296
219,BMW,2019,3 Series,320d xDrive,273
220,BMW,2019,3 Series,330e,63
221,BMW,2019,3 Series,320d Touring,29
222,BMW,2019,3 Series,320d ED,2
223,BMW,2019,3 Series,320d ED,2
224,BMW,2019,6 Series,620d Gran Turismo,"1,301"
225,BMW,2019,6 Series,620d xDrive Gran Turismo,494
226,BMW,2019,6 Series,640i xDrive Gran Turismo,357
227,BMW,2019,6 Series,630d xDrive Gran Turismo,248
228,BMW,2019,6 Series,630i xDrive Gran Turismo,242
229,BMW,2019,6 Series,630i xDrive Gran Turismo,242
230,BMW,2019,X3,20d,"2,121"
231,BMW,2019,X3,30d,143
232,BMW,2019,X3,30d,143
233,BMW,2019,X4,20d,"1,469"
234,BMW,2019,X4,M40d,146
235,BMW,2019,X4,30d,28
236,BMW,2019,X4,30d,28
237,BMW,2019,4 Series,420i Gran Coupe,913
238,BMW,2019,4 Series,430i Convertible,214
239,BMW,2019,4 Series,420d Gran Coupe,153
240,BMW,2019,4 Series,420d Coupe,114
241,BMW,2019,4 Series,420i Coupe,103
242,BMW,2019,4 Series,420d xDrive Gran Coupe,74
243,BMW,2019,4 Series,430i Coupe,60
244,BMW,2019,4 Series,435d xDrive Gran Coupe,8
245,BMW,2019,4 Series,435d xDrive Gran Coupe,8
246,BMW,2019,X5,30d,"1,016"
247,BMW,2019,X5,M50d,233
248,BMW,2019,X5,40e,65
249,BMW,2019,X5,M,20
250,BMW,2019,X5,40d,2
251,BMW,2019,X5,40d,2
252,BMW,2019,1 Series,118d,"1,239"
253,BMW,2019,1 Series,118d,"1,239"
254,BMW,2019,7 Series,730Ld xDrive,354
255,BMW,2019,7 Series,740Li xDrive,287
256,BMW,2019,7 Series,730d xDrive,199
257,BMW,2019,7 Series,740d xDrive,86
258,BMW,2019,7 Series,740Ld xDrive,65
259,BMW,2019,7 Series,M760Li xDrive,65
260,BMW,2019,7 Series,750Li xDrive,59
261,BMW,2019,7 Series,745Le,35
262,BMW,2019,7 Series,745e,22
263,BMW,2019,7 Series,745e,22
264,BMW,2019,X1,18d,838
265,BMW,2019,X1,20d,128
266,BMW,2019,X1,25i,124
267,BMW,2019,X1,25i,124
268,BMW,2019,X5,30d,"1,035"
269,BMW,2019,X5,M50d,44
270,BMW,2019,X5,M50d,44
271,BMW,2019,7 Series,730Ld xDrive,331
272,BMW,2019,7 Series,740d xDrive,158
273,BMW,2019,7 Series,730d xDrive,143
274,BMW,2019,7 Series,740Li xDrive,129
275,BMW,2019,7 Series,750Li xDrive,118
276,BMW,2019,7 Series,740e,46
277,BMW,2019,7 Series,M760Li xDrive,44
278,BMW,2019,7 Series,740Ld xDrive,19
279,BMW,2019,7 Series,740Ld xDrive,19
280,BMW,2019,X6,30d,656
281,BMW,2019,X6,M50d,140
282,BMW,2019,X6,40d,84
283,BMW,2019,X6,M,42
284,BMW,2019,X6,M,42
285,BMW,2019,3 Series,330i xDrive,366
286,BMW,2019,3 Series,320d,172
287,BMW,2019,3 Series,M340i,108
288,BMW,2019,3 Series,330i,40
289,BMW,2019,3 Series,320d xDrive,16
290,BMW,2019,3 Series,320d xDrive,16
291,BMW,2019,X2,20d,314
292,BMW,2019,X2,18d,171
293,BMW,2019,X2,20i,104
294,BMW,2019,X2,25i,88
295,BMW,2019,X2,25i,88
296,BMW,2019,2 Series Active Tourer,Active Tourer,483
297,BMW,2019,2 Series Active Tourer,Active Tourer,483
298,BMW,2019,X7,30d,267
299,BMW,2019,X7,40i,139
300,BMW,2019,X7,M50d,58
301,BMW,2019,X7,M50d,58
302,BMW,2019,Z4,20i,207
303,BMW,2019,Z4,M40i,82
304,BMW,2019,Z4,M40i,82
305,BMW,2019,i3,i3,254
306,BMW,2019,i3,i3,254
307,BMW,2019,M2,M2,225
308,BMW,2019,M2,M2,225
309,BMW,2019,X1,20i,155
310,BMW,2019,X1,18d,70
311,BMW,2019,X1,18d,70
312,BMW,2019,M5,M5,217
313,BMW,2019,M5,M5,217
314,BMW,2019,M4,M4 Coupe,125
315,BMW,2019,M4,M4 Convertible,47
316,BMW,2019,M4,M4 Convertible,47
317,BMW,2019,6 Series,GT 640i xDrive,86
318,BMW,2019,6 Series,GT 630d xDrive,55
319,BMW,2019,6 Series,640d Gran Coupe xDrive,20
320,BMW,2019,6 Series,640d Gran Coupe xDrive,20
321,BMW,2019,X6,30d,109
322,BMW,2019,X6,M50d,6
323,BMW,2019,X6,40i,4
324,BMW,2019,X6,40i,4
325,BMW,2019,8 Series,840i xDrive Gran Coupe,52
326,BMW,2019,8 Series,840d xDrive Gran Coupe,46
327,BMW,2019,8 Series,840i xDrive Coupe,12
328,BMW,2019,8 Series,840i xDrive Coupe,12
329,BMW,2019,X4,M40i,87
330,BMW,2019,X4,30d,14
331,BMW,2019,X4,30d,14
332,BMW,2019,X3 M,X3 M,56
333,BMW,2019,X3 M,X3 M,56
334,BMW,2019,X4 M,X4 M,53
335,BMW,2019,X4 M,X4 M,53
336,BMW,2019,M3,3.0,51
337,BMW,2019,M3,3.0,51
338,BMW,2019,i8,1.5 Roadster,20
339,BMW,2019,i8,1.5,1
340,BMW,2019,i8,1.5,1
341,BMW,2019,1 Series,118d Urban,20
342,BMW,2019,1 Series,118d Urban,20
343,BMW,2019,i8,i8 Roadster,9
344,BMW,2019,i8,i8 Coupe,1
345,BMW,2019,i8,i8 Coupe,1
346,BMW,2019,M8,M8 Coupe,6
347,BMW,2019,M8,M8 Coupe,6
348,BMW,2020,5 Series,520i,"5,141"
349,BMW,2020,5 Series,520d,"2,849"
350,BMW,2020,5 Series,530i,"2,726"
351,BMW,2020,5 Series,530i xDrive,"1,741"
352,BMW,2020,5 Series,520d xDrive,"1,307"
353,BMW,2020,5 Series,530e,"1,192"
354,BMW,2020,5 Series,540i xDrive,239
355,BMW,2020,5 Series,M550d xDrive,37
356,BMW,2020,5 Series,M550d xDrive,37
357,BMW,2020,5 Series,520i,"1,807"
358,BMW,2020,5 Series,530i,"1,169"
359,BMW,2020,5 Series,530e,926
360,BMW,2020,5 Series,530i xDrive,634
361,BMW,2020,5 Series,523d,469
362,BMW,2020,5 Series,523d xDrive,254
363,BMW,2020,5 Series,540i xDrive,88
364,BMW,2020,5 Series,M550i xDrive,64
365,BMW,2020,5 Series,M550i xDrive,64
366,BMW,2020,3 Series,320i,"2,201"
367,BMW,2020,3 Series,320d,"1,120"
368,BMW,2020,3 Series,M340i,452
369,BMW,2020,3 Series,330e,322
370,BMW,2020,3 Series,320d xDrive,198
371,BMW,2020,3 Series,330i,142
372,BMW,2020,3 Series,320d Touring,111
373,BMW,2020,3 Series,330i xDrive,84
374,BMW,2020,3 Series,320i Touring,79
375,BMW,2020,3 Series,M340i xDrive Touring,28
376,BMW,2020,3 Series,M340i xDrive Touring,28
377,BMW,2020,X4,20d,"1,823"
378,BMW,2020,X4,20i,"1,663"
379,BMW,2020,X4,M40i,112
380,BMW,2020,X4,30d,64
381,BMW,2020,X4,M40d,35
382,BMW,2020,X4,M40d,35
383,BMW,2020,X3,20d,"1,671"
384,BMW,2020,X3,20i,"1,322"
385,BMW,2020,X3,30e,285
386,BMW,2020,X3,30d,190
387,BMW,2020,X3,M40i,110
388,BMW,2020,X3,M40i,110
389,BMW,2020,X5,30d,"2,258"
390,BMW,2020,X5,40i,689
391,BMW,2020,X5,45e,233
392,BMW,2020,X5,M50d,163
393,BMW,2020,X5,M50i,131
394,BMW,2020,X5,40d,82
395,BMW,2020,X5,40d,82
396,BMW,2020,3 Series,320d Gran Turismo,"2,401"
397,BMW,2020,3 Series,320d xDrive Gran Turismo,"1,011"
398,BMW,2020,3 Series,320d Touring,1
399,BMW,2020,3 Series,320d Touring,1
400,BMW,2020,X7,30d,"1,447"
401,BMW,2020,X7,40i,737
402,BMW,2020,X7,40d,207
403,BMW,2020,X7,M50i,164
404,BMW,2020,X7,M50d,114
405,BMW,2020,X7,M50d,114
406,BMW,2020,X6,30d,"1,675"
407,BMW,2020,X6,40i,601
408,BMW,2020,X6,M50i,139
409,BMW,2020,X6,M50d,88
410,BMW,2020,X6,40d,71
411,BMW,2020,X6,40d,71
412,BMW,2020,7 Series,740Li xDrive,726
413,BMW,2020,7 Series,730Ld xDrive,458
414,BMW,2020,7 Series,730d xDrive,292
415,BMW,2020,7 Series,740i,266
416,BMW,2020,7 Series,745Le,187
417,BMW,2020,7 Series,740d xDrive,180
418,BMW,2020,7 Series,745e,145
419,BMW,2020,7 Series,M760Li xDrive,85
420,BMW,2020,7 Series,740Ld xDrive,16
421,BMW,2020,7 Series,750Li xDrive,13
422,BMW,2020,7 Series,740e,1
423,BMW,2020,7 Series,740e,1
424,BMW,2020,6 Series,620d Gran Turismo,"1,108"
425,BMW,2020,6 Series,630i xDrive Gran Turismo,503
426,BMW,2020,6 Series,620d xDrive Gran Turismo,365
427,BMW,2020,6 Series,640i xDrive Gran Turismo,281
428,BMW,2020,6 Series,630d xDrive Gran Turismo,71
429,BMW,2020,6 Series,630d xDrive Gran Turismo,71
430,BMW,2020,X1,18d,877
431,BMW,2020,X1,20i,694
432,BMW,2020,X1,25i,10
433,BMW,2020,X1,25i,10
434,BMW,2020,1 Series,118d Urban,"1,274"
435,BMW,2020,1 Series,118d Urban,"1,274"
436,BMW,2020,4 Series,420d Gran Coupe,353
437,BMW,2020,4 Series,430i Convertible,228
438,BMW,2020,4 Series,420i Gran Coupe,218
439,BMW,2020,4 Series,420d xDrive Gran Coupe,210
440,BMW,2020,4 Series,430i Coupe,74
441,BMW,2020,4 Series,420i Coupe,44
442,BMW,2020,4 Series,420d Coupe,33
443,BMW,2020,4 Series,435d xDrive Gran Coupe,1
444,BMW,2020,4 Series,435d xDrive Gran Coupe,1
445,BMW,2020,2 Series Active Tourer,Active Tourer,964
446,BMW,2020,2 Series Active Tourer,Active Tourer,964
447,BMW,2020,6 Series,630i xDrive Gran Turismo,598
448,BMW,2020,6 Series,620d Gran Turismo,137
449,BMW,2020,6 Series,640i xDrive Gran Turismo,72
450,BMW,2020,6 Series,620d xDrive Gran Turismo,52
451,BMW,2020,6 Series,630d xDrive Gran Turismo,47
452,BMW,2020,6 Series,630d xDrive Gran Turismo,47
453,BMW,2020,X2,20i,260
454,BMW,2020,X2,18d,213
455,BMW,2020,X2,25i,34
456,BMW,2020,X2,20d,20
457,BMW,2020,X2,20d,20
458,BMW,2020,Z4,20i,401
459,BMW,2020,Z4,M40i,103
460,BMW,2020,Z4,M40i,103
461,BMW,2020,2 Series,220d Gran Coupe,227
462,BMW,2020,2 Series,218d Gran Coupe,142
463,BMW,2020,2 Series,M235i xDrive Gran Coupe,85
464,BMW,2020,2 Series,M235i xDrive Gran Coupe,85
465,BMW,2020,8 Series,840i xDrive Gran Coupe,185
466,BMW,2020,8 Series,840d xDrive Gran Coupe,130
467,BMW,2020,8 Series,840i xDrive Coupe,19
468,BMW,2020,8 Series,840i xDrive Coupe,19
469,BMW,2020,M5,M5,178
470,BMW,2020,M5,M5,178
471,BMW,2020,X4 M,X4 M,155
472,BMW,2020,X4 M,X4 M,155
473,BMW,2020,i3,i3,152
474,BMW,2020,i3,i3,152
475,BMW,2020,X3 M,X3 M,147
476,BMW,2020,X3 M,X3 M,147
477,BMW,2020,M2,M2,146
478,BMW,2020,M2,M2,146
479,BMW,2020,M4,M4 Coupe,115
480,BMW,2020,M4,M4 Convertible,16
481,BMW,2020,M4,M4 Convertible,16
482,BMW,2020,X6 M,X6 M,76
483,BMW,2020,X6 M,X6 M,76
484,BMW,2020,M8,M8 Gran Coupe,27
485,BMW,2020,M8,M8 Coupe,25
486,BMW,2020,M8,M8 Coupe,25
487,BMW,2020,X5 M,X5 M,43
488,BMW,2020,X5 M,X5 M,43
489,BMW,2020,i8,i8 Roadster,19
490,BMW,2020,i8,i8 Coupe,5
491,BMW,2020,i8,i8 Coupe,5
492,BMW,2020,M5,M5,13
493,BMW,2020,M5,M5,13
494,BMW,2020,X6 M,X6 M,4
495,BMW,2020,X6 M,트림별 판매량 분류 예정,2
496,BMW,2020,X6 M,트림별 판매량 분류 예정,2
497,BMW,2021,5 Series,520i,"3,114"
498,BMW,2021,5 Series,530e,"2,010"
499,BMW,2021,5 Series,530i,"1,731"
500,BMW,2021,5 Series,530i xDrive,958
501,BMW,2021,5 Series,523d,653
502,BMW,2021,5 Series,523d xDrive,305
503,BMW,2021,5 Series,M550i xDrive,170
504,BMW,2021,5 Series,540i xDrive,27
505,BMW,2021,5 Series,540i xDrive,27
506,BMW,2021,3 Series,320i,"2,101"
507,BMW,2021,3 Series,330e,424
508,BMW,2021,3 Series,320d,325
509,BMW,2021,3 Series,320i Touring,242
510,BMW,2021,3 Series,M340i,231
511,BMW,2021,3 Series,320d Touring,109
512,BMW,2021,3 Series,320d xDrive,95
513,BMW,2021,3 Series,M340i xDrive Touring,90
514,BMW,2021,3 Series,M340i xDrive Touring,90
515,BMW,2021,X5,40i,968
516,BMW,2021,X5,30d,797
517,BMW,2021,X5,45e,418
518,BMW,2021,X5,M50i,82
519,BMW,2021,X5,40d,59
520,BMW,2021,X5,M50d,1
521,BMW,2021,X5,M50d,1
522,BMW,2021,X3,20i,"1,233"
523,BMW,2021,X3,30e,492
524,BMW,2021,X3,20d,224
525,BMW,2021,X3,M40i,89
526,BMW,2021,X3,30d,5
527,BMW,2021,X3,30d,5
528,BMW,2021,X6,40i,979
529,BMW,2021,X6,30d,674
530,BMW,2021,X6,M50i,94
531,BMW,2021,X6,40d,44
532,BMW,2021,X6,M50d,1
533,BMW,2021,X6,M50d,1
534,BMW,2021,X7,40i,"1,215"
535,BMW,2021,X7,40d,367
536,BMW,2021,X7,M50i,115
537,BMW,2021,X7,30d,2
538,BMW,2021,X7,30d,2
539,BMW,2021,6 Series,630i xDrive Gran Turismo,624
540,BMW,2021,6 Series,620d Gran Turismo,573
541,BMW,2021,6 Series,620d xDrive Gran Turismo,301
542,BMW,2021,6 Series,640i xDrive Gran Turismo,61
543,BMW,2021,6 Series,630d xDrive Gran Turismo,17
544,BMW,2021,6 Series,630d xDrive Gran Turismo,17
545,BMW,2021,X4,20i,"1,118"
546,BMW,2021,X4,20d,173
547,BMW,2021,X4,M40i,71
548,BMW,2021,X4,M40i,71
549,BMW,2021,7 Series,740Li xDrive,473
550,BMW,2021,7 Series,730d xDrive,199
551,BMW,2021,7 Series,730Ld xDrive,190
552,BMW,2021,7 Series,745Le,127
553,BMW,2021,7 Series,740i,122
554,BMW,2021,7 Series,745e,114
555,BMW,2021,7 Series,740d xDrive,60
556,BMW,2021,7 Series,M760Li xDrive,29
557,BMW,2021,7 Series,M760Li xDrive,29
558,BMW,2021,X1,20i,941
559,BMW,2021,X1,18d,238
560,BMW,2021,X1,18d,238
561,BMW,2021,1 Series,118d Urban,"1,008"
562,BMW,2021,1 Series,118d Urban,"1,008"
563,BMW,2021,2 Series,218d Gran Coupe,587
564,BMW,2021,2 Series,M235i xDrive Gran Coupe,164
565,BMW,2021,2 Series,220d Gran Coupe,2
566,BMW,2021,2 Series,220d Gran Coupe,2
567,BMW,2021,New 4 Series,420i Coupe,292
568,BMW,2021,New 4 Series,420d Coupe,65
569,BMW,2021,New 4 Series,M440i xDrive Coupe,62
570,BMW,2021,New 4 Series,420i Convertible,59
571,BMW,2021,New 4 Series,420i Convertible,59
572,BMW,2021,2 Series Active Tourer,Active Tourer,462
573,BMW,2021,2 Series Active Tourer,Active Tourer,462
574,BMW,2021,X2,20i,236
575,BMW,2021,X2,18d,83
576,BMW,2021,X2,25i,1
577,BMW,2021,X2,20d,1
578,BMW,2021,X2,20d,1
579,BMW,2021,Z4,20i,122
580,BMW,2021,Z4,M40i,52
581,BMW,2021,Z4,M40i,52
582,BMW,2021,8 Series,840i xDrive Gran Coupe,114
583,BMW,2021,8 Series,840d xDrive Gran Coupe,18
584,BMW,2021,8 Series,840i xDrive Coupe,13
585,BMW,2021,8 Series,840i xDrive Coupe,13
586,BMW,2021,M2,M2,76
587,BMW,2021,M2,M2,76
588,BMW,2021,M5,M5,75
589,BMW,2021,M5,M5,75
590,BMW,2021,X6 M,X6 M,66
591,BMW,2021,X6 M,X6 M,66
592,BMW,2021,i3,i3,65
593,BMW,2021,i3,i3,65
594,BMW,2021,X3 M,X3 M,50
595,BMW,2021,X3 M,X3 M,50
596,BMW,2021,X5 M,X5 M,44
597,BMW,2021,X5 M,X5 M,44
598,BMW,2021,X4 M,X4 M,39
599,BMW,2021,X4 M,X4 M,39
600,BMW,2021,The new M3,M3,36
601,BMW,2021,The new M3,M3,36
602,BMW,2021,The new M4,M4 Coupe,29
603,BMW,2021,The new M4,M4 Coupe,29
604,BMW,2021,4 Series,430i Coupe,20
605,BMW,2021,4 Series,420d xDrive Gran Coupe,5
606,BMW,2021,4 Series,420d Gran Coupe,2
607,BMW,2021,4 Series,430i Convertible,1
608,BMW,2021,4 Series,430i Convertible,1
609,BMW,2021,M8,M8 Gran Coupe,8
610,BMW,2021,M8,M8 Coupe,5
611,BMW,2021,M8,M8 Coupe,5
612,BMW,2021,5 Series,520d xDrive,5
613,BMW,2021,5 Series,M550d xDrive,3
614,BMW,2021,5 Series,530d,1
615,BMW,2021,5 Series,530d,1
616,BMW,2021,M3,3.0,7
617,BMW,2021,M3,3.0,7
618,BMW,2021,M4,M4 Coupe,6
619,BMW,2021,M4,M4 Coupe,6
0,MB,2017,E-Class,E300 4MATIC,"8,806"
1,MB,2017,E-Class,E220d,"6,530"
2,MB,2017,E-Class,E300,"6,299"
3,MB,2017,E-Class,E200,"4,737"
4,MB,2017,E-Class,E220d 4MATIC,"4,645"
5,MB,2017,E-Class,E400 4MATIC,"1,398"
6,MB,2017,E-Class,E220d Coupe,957
7,MB,2017,E-Class,E350d,756
8,MB,2017,E-Class,E400 4MATIC Coupe,330
9,MB,2017,E-Class,E43 4MATIC AMG,276
10,MB,2017,E-Class,E63 4MATIC+ AMG,3
11,MB,2017,E-Class,E63 4MATIC+ AMG,3
12,MB,2017,C-Class,C200,"4,834"
13,MB,2017,C-Class,C220d,"2,593"
14,MB,2017,C-Class,C200 Cabriolet,901
15,MB,2017,C-Class,C200d,742
16,MB,2017,C-Class,C220d 4MATIC,577
17,MB,2017,C-Class,C200 Coupe,369
18,MB,2017,C-Class,C250d 4MATIC,355
19,MB,2017,C-Class,C43 4MATIC AMG,204
20,MB,2017,C-Class,C220d Coupe,137
21,MB,2017,C-Class,C63 Coupe AMG,119
22,MB,2017,C-Class,C63 Cabriolet AMG,71
23,MB,2017,C-Class,C63 AMG,71
24,MB,2017,C-Class, C63 S AMG,31
25,MB,2017,C-Class,C63 S Coupe AMG,27
26,MB,2017,C-Class,C220d 4MATIC Estate,7
27,MB,2017,C-Class,C450 4MATIC AMG,2
28,MB,2017,C-Class,C450 4MATIC AMG,2
29,MB,2017,S-Class,S350d 4MATIC,"2,923"
30,MB,2017,S-Class,S500 4MATIC,754
31,MB,2017,S-Class,S400 4MATIC,399
32,MB,2017,S-Class,S350d,300
33,MB,2017,S-Class,S63 4MATIC Long AMG,188
34,MB,2017,S-Class,S63 4MATIC Coupe AMG,85
35,MB,2017,S-Class,S400 4MATIC Coupe,57
36,MB,2017,S-Class,S63 4MATIC Cabriolet AMG,54
37,MB,2017,S-Class,S500,22
38,MB,2017,S-Class,S65 Long AMG,16
39,MB,2017,S-Class,S65 Coupe AMG,13
40,MB,2017,S-Class,S400,9
41,MB,2017,S-Class,S63 4MATIC AMG,5
42,MB,2017,S-Class,S63 4MATIC Coupe AMG,4
43,MB,2017,S-Class,S350 BlueTEC 4MATIC,1
44,MB,2017,S-Class,S600,1
45,MB,2017,S-Class,S600,1
46,MB,2017,GLC-Class,GLC220d 4MATIC Coupe,"2,319"
47,MB,2017,GLC-Class,GLC220d 4MATIC,"1,529"
48,MB,2017,GLC-Class,GLC250d 4MATIC Coupe,227
49,MB,2017,GLC-Class,AMG GLC43 4MATIC,226
50,MB,2017,GLC-Class,GLC250d 4MATIC,216
51,MB,2017,GLC-Class,AMG GLC43 4MATIC Coupe,206
52,MB,2017,GLC-Class,AMG GLC43 4MATIC Coupe,206
53,MB,2017,GLE-Class,GLE350d 4MATIC Coupe,"1,951"
54,MB,2017,GLE-Class,GLE350d 4MATIC,"1,253"
55,MB,2017,GLE-Class,GLE250d 4MATIC,332
56,MB,2017,GLE-Class,AMG GLE63 S 4MATIC Coupe,162
57,MB,2017,GLE-Class,GLE63 4MATIC AMG,115
58,MB,2017,GLE-Class,GLE63 4MATIC AMG,115
59,MB,2017,CLA-Class,CLA250 4MATIC,"1,655"
60,MB,2017,CLA-Class,CLA220,"1,121"
61,MB,2017,CLA-Class,CLA 45 4MATIC AMG,304
62,MB,2017,CLA-Class,CLA200d,2
63,MB,2017,CLA-Class,CLA200d,2
64,MB,2017,CLS-Class,CLS250d 4MATIC,"1,528"
65,MB,2017,CLS-Class,CLS400,636
66,MB,2017,CLS-Class,CLS63 4MATIC AMG,79
67,MB,2017,CLS-Class,CLS63 S 4MATIC AMG,55
68,MB,2017,CLS-Class,CLS350d 4MATIC,14
69,MB,2017,CLS-Class,CLS350d 4MATIC,14
70,MB,2017,S-Class,S560 4MATIC Long,703
71,MB,2017,S-Class,S450 4MATIC Long,703
72,MB,2017,S-Class,S400d 4MATIC Long,699
73,MB,2017,S-Class,AMG S63 4MATIC+ L,129
74,MB,2017,S-Class,S450 Long,71
75,MB,2017,S-Class,S450 Long,71
76,MB,2017,GLA-Class,GLA220,"1,972"
77,MB,2017,GLA-Class,AMG GLA45 4MATIC,149
78,MB,2017,GLA-Class,GLA250 4MATIC,90
79,MB,2017,GLA-Class,GLA250 4MATIC,90
80,MB,2017,E-Class,E200,"1,877"
81,MB,2017,E-Class,E400 4MATIC,157
82,MB,2017,E-Class,E200 Cabriolet,63
83,MB,2017,E-Class,E200 Coupe,24
84,MB,2017,E-Class,E400 Coupe,2
85,MB,2017,E-Class,E400 Cabriolet,1
86,MB,2017,E-Class,E400 Cabriolet,1
87,MB,2017,A-Class,A200,"1,385"
88,MB,2017,A-Class,A45 AMG 4MATIC,411
89,MB,2017,A-Class,A45 AMG 4MATIC,411
90,MB,2017,GLS-Class,GLS350d 4MATIC,512
91,MB,2017,GLS-Class,GLS500 4MATIC,362
92,MB,2017,GLS-Class,GLS500 4MATIC,362
93,MB,2017,GLA-Class,GLA200d,513
94,MB,2017,GLA-Class,GLA200d 4MATIC,181
95,MB,2017,GLA-Class,GLA45 AMG 4MATIC,63
96,MB,2017,GLA-Class,GLA45 AMG 4MATIC,63
97,MB,2017,B-class,B200d,395
98,MB,2017,B-class,B220,81
99,MB,2017,B-class,B200 CDI,15
100,MB,2017,B-class,B200 CDI,15
101,MB,2017,Maybach,S560 4MATIC (2018),282
102,MB,2017,Maybach,S500 4MATIC,155
103,MB,2017,Maybach,S600,30
104,MB,2017,Maybach,S600,30
105,MB,2017,G-Class,G350d,216
106,MB,2017,G-Class,G63 AMG (2017),154
107,MB,2017,G-Class,G63 AMG,8
108,MB,2017,G-Class,G65 AMG,4
109,MB,2017,G-Class,G65 AMG,4
110,MB,2017,SLC-Class,SLC200,239
111,MB,2017,SLC-Class,SLC43 AMG,108
112,MB,2017,SLC-Class,SLC43 AMG,108
113,MB,2017,SL-Class,SL400,53
114,MB,2017,SL-Class,SL63 AMG,5
115,MB,2017,SL-Class,SL63 AMG,5
116,MB,2017,AMG GT,GT AMG,16
117,MB,2017,AMG GT,GT S AMG,2
118,MB,2017,AMG GT,GT S AMG,2
119,MB,2018,E-Class,E300,"10,257"
120,MB,2018,E-Class,E300 4MATIC,"10,130"
121,MB,2018,E-Class,E200,"7,196"
122,MB,2018,E-Class,E220d,"4,348"
123,MB,2018,E-Class,E220d 4MATIC,"3,220"
124,MB,2018,E-Class,E220d Coupe,"1,135"
125,MB,2018,E-Class,E220d Cabriolet,"1,125"
126,MB,2018,E-Class,E400 4MATIC,810
127,MB,2018,E-Class,E63 4MATIC+ AMG,224
128,MB,2018,E-Class,E43 4MATIC AMG,182
129,MB,2018,E-Class,E400 4MATIC Coupe,175
130,MB,2018,E-Class,E400 Cabriolet,121
131,MB,2018,E-Class,E350d,3
132,MB,2018,E-Class,E350d,3
133,MB,2018,C-Class,C220d,"3,092"
134,MB,2018,C-Class,C200,"1,838"
135,MB,2018,C-Class,C200d,"1,087"
136,MB,2018,C-Class,C200 Cabriolet,545
137,MB,2018,C-Class,C200 4MATIC,431
138,MB,2018,C-Class,C220d 4MATIC,406
139,MB,2018,C-Class,C200 Coupe,271
140,MB,2018,C-Class,C250d 4MATIC,159
141,MB,2018,C-Class,C43 4MATIC AMG,131
142,MB,2018,C-Class,C63 Coupe AMG,71
143,MB,2018,C-Class,C63 AMG,70
144,MB,2018,C-Class,C43 4MATIC Coupe AMG,67
145,MB,2018,C-Class,C43 4MATIC Cabriolet AMG,64
146,MB,2018,C-Class,C63 S Coupe AMG,35
147,MB,2018,C-Class,C63 Cabriolet AMG,32
148,MB,2018,C-Class,C220d Coupe,2
149,MB,2018,C-Class,C220d Coupe,2
150,MB,2018,GLC-Class,GLC350e 4MATIC,"3,312"
151,MB,2018,GLC-Class,GLC220d 4MATIC,"2,124"
152,MB,2018,GLC-Class,GLC220d 4MATIC Coupe,"1,510"
153,MB,2018,GLC-Class,GLC250d 4MATIC,728
154,MB,2018,GLC-Class,AMG GLC43 4MATIC,206
155,MB,2018,GLC-Class,AMG GLC43 4MATIC Coupe,175
156,MB,2018,GLC-Class,GLC250d 4MATIC Coupe,142
157,MB,2018,GLC-Class,GLC250d 4MATIC Coupe,142
158,MB,2018,S-Class,S450 4MATIC Long,"2,256"
159,MB,2018,S-Class,S560 4MATIC Long,"1,735"
160,MB,2018,S-Class,S400d 4MATIC Long,769
161,MB,2018,S-Class,S350d 4MATIC,397
162,MB,2018,S-Class,S450 Long,391
163,MB,2018,S-Class,S350 Long,364
164,MB,2018,S-Class,AMG S63 4MATIC+ L,302
165,MB,2018,S-Class,S350d,110
166,MB,2018,S-Class,S560 Long,83
167,MB,2018,S-Class,S400d Long,31
168,MB,2018,S-Class,S400d Long,31
169,MB,2018,GLE-Class,GLE350d 4MATIC,"1,449"
170,MB,2018,GLE-Class,GLE350d 4MATIC Coupe,"1,439"
171,MB,2018,GLE-Class,AMG GLE63 S 4MATIC Coupe,71
172,MB,2018,GLE-Class,GLE63 4MATIC AMG,5
173,MB,2018,GLE-Class,GLE250d 4MATIC,2
174,MB,2018,GLE-Class,GLE250d 4MATIC,2
175,MB,2018,CLS-Class,CLS400d 4MATIC,"2,873"
176,MB,2018,CLS-Class,CLS400d 4MATIC,"2,873"
177,MB,2018,GLA-Class,GLA220,"2,258"
178,MB,2018,GLA-Class,GLA250 4MATIC,221
179,MB,2018,GLA-Class,AMG GLA45 4MATIC,165
180,MB,2018,GLA-Class,AMG GLA45 4MATIC,165
181,MB,2018,CLA-Class,CLA220,"1,824"
182,MB,2018,CLA-Class,CLA250 4MATIC,566
183,MB,2018,CLA-Class,CLA 45 4MATIC AMG,248
184,MB,2018,CLA-Class,CLA 45 4MATIC AMG,248
185,MB,2018,A-Class,A200,970
186,MB,2018,A-Class,A45 AMG 4MATIC,203
187,MB,2018,A-Class,A45 AMG 4MATIC,203
188,MB,2018,S-Class,S350d 4MATIC,488
189,MB,2018,S-Class,S350d,91
190,MB,2018,S-Class,S400 4MATIC Coupe,5
191,MB,2018,S-Class,S500 4MATIC,2
192,MB,2018,S-Class,S65 Coupe AMG,1
193,MB,2018,S-Class,S63 4MATIC Cabriolet AMG,1
194,MB,2018,S-Class,S63 4MATIC Coupe AMG,1
195,MB,2018,S-Class,S63 4MATIC AMG,1
196,MB,2018,S-Class,S63 4MATIC AMG,1
197,MB,2018,B-class,B220,536
198,MB,2018,B-class,B200d,45
199,MB,2018,B-class,B200d,45
200,MB,2018,GLS-Class,GLS350d 4MATIC,445
201,MB,2018,GLS-Class,GLS500 4MATIC,128
202,MB,2018,GLS-Class,GLS500 4MATIC,128
203,MB,2018,Maybach,S560 4MATIC (2018),416
204,MB,2018,Maybach,S500 4MATIC,7
205,MB,2018,Maybach,S560 4MATIC,6
206,MB,2018,Maybach,S600,1
207,MB,2018,Maybach,S600,1
208,MB,2018,SLC-Class,SLC200,64
209,MB,2018,SLC-Class,SLC43 AMG,54
210,MB,2018,SLC-Class,SLC43 AMG,54
211,MB,2018,AMG GT,GT AMG,34
212,MB,2018,AMG GT,GT S AMG,24
213,MB,2018,AMG GT,GT S AMG,24
214,MB,2018,SL-Class,SL400,53
215,MB,2018,SL-Class,SL63 AMG,1
216,MB,2018,SL-Class,SL63 AMG,1
217,MB,2018,G-Class,G350d,16
218,MB,2018,G-Class,G63 AMG (2017),1
219,MB,2018,G-Class,G63 AMG (2017),1
220,MB,2018,CLS-Class,CLS250d 4MATIC,10
221,MB,2018,CLS-Class,CLS400,7
222,MB,2018,CLS-Class,CLS400,7
223,MB,2019,E-Class,E300,"13,886"
224,MB,2019,E-Class,E300 4MATIC,"11,430"
225,MB,2019,E-Class,E220d,"4,257"
226,MB,2019,E-Class,E220d 4MATIC,"3,865"
227,MB,2019,E-Class,E250,"2,370"
228,MB,2019,E-Class,E300e,"1,648"
229,MB,2019,E-Class,E350 4MATIC,"1,392"
230,MB,2019,E-Class,E220d Cabriolet,896
231,MB,2019,E-Class,E220d Coupe,873
232,MB,2019,E-Class,E450 4MATIC,805
233,MB,2019,E-Class,AMG E53 4MATIC+,288
234,MB,2019,E-Class,E450 4MATIC Coupe,247
235,MB,2019,E-Class,AMG E63 4MATIC+,79
236,MB,2019,E-Class,E450 4MATIC Cabriolet,75
237,MB,2019,E-Class,E450 Cabriolet,64
238,MB,2019,E-Class,E63 4MATIC+ AMG,10
239,MB,2019,E-Class,E400 Cabriolet,7
240,MB,2019,E-Class,E400 4MATIC Coupe,3
241,MB,2019,E-Class,E43 4MATIC AMG,2
242,MB,2019,E-Class,E400 4MATIC,2
243,MB,2019,E-Class,E200,1
244,MB,2019,E-Class,E200,1
245,MB,2019,C-Class,C200,"2,678"
246,MB,2019,C-Class,C220d 4MATIC,"2,341"
247,MB,2019,C-Class,C220d,"2,289"
248,MB,2019,C-Class,C350e,696
249,MB,2019,C-Class,C220d 4MATIC Coupe,557
250,MB,2019,C-Class,C200 Cabriolet,380
251,MB,2019,C-Class,AMG C43 4MATIC,56
252,MB,2019,C-Class,AMG C43 4MATIC Cabriolet,36
253,MB,2019,C-Class,AMG C43 4MATIC Cabriolet,36
254,MB,2019,GLC-Class,GLC300 4MATIC Coupe,"4,064"
255,MB,2019,GLC-Class,GLC300 4MATIC,"2,279"
256,MB,2019,GLC-Class,GLC350e 4MATIC,"1,852"
257,MB,2019,GLC-Class,AMG GLC43 4MATIC Coupe,211
258,MB,2019,GLC-Class,AMG GLC63 4MATIC+,104
259,MB,2019,GLC-Class,AMG GLC43 4MATIC,81
260,MB,2019,GLC-Class,AMG GLC63 S 4MATIC Coupe,51
261,MB,2019,GLC-Class,AMG GLC63 S 4MATIC Coupe,51
262,MB,2019,S-Class,S560 4MATIC Long,"1,828"
263,MB,2019,S-Class,S350 Long,"1,459"
264,MB,2019,S-Class,S350d 4MATIC,"1,366"
265,MB,2019,S-Class,S450 4MATIC Long,"1,313"
266,MB,2019,S-Class,S350d,828
267,MB,2019,S-Class,AMG S63 4MATIC+ L,283
268,MB,2019,S-Class,S450 4MATIC Coupe,96
269,MB,2019,S-Class,AMG S63 4MATIC+ Coupe,86
270,MB,2019,S-Class,AMG S63 4MATIC+ Cabriolet,37
271,MB,2019,S-Class,S560 Long,14
272,MB,2019,S-Class,S450 Long,5
273,MB,2019,S-Class,AMG S63 4MATIC Cabriolet,3
274,MB,2019,S-Class,S400d 4MATIC Long,2
275,MB,2019,S-Class,S500,2
276,MB,2019,S-Class,AMG S63 4MATIC Coupe,2
277,MB,2019,S-Class,S500 4MATIC,1
278,MB,2019,S-Class,AMG S65 Coupe,1
279,MB,2019,S-Class,AMG S65 Coupe,1
280,MB,2019,CLS-Class,CLS400d 4MATIC,"2,791"
281,MB,2019,CLS-Class,CLS300d,"1,616"
282,MB,2019,CLS-Class,CLS450 4MATIC,"1,336"
283,MB,2019,CLS-Class,AMG CLS53 4MATIC+,150
284,MB,2019,CLS-Class,AMG CLS53 4MATIC+,150
285,MB,2019,GLA-Class,GLA220,"2,738"
286,MB,2019,GLA-Class,AMG GLA45 4MATIC,288
287,MB,2019,GLA-Class,GLA250 4MATIC,236
288,MB,2019,GLA-Class,GLA250 4MATIC,236
289,MB,2019,GLE-Class,GLE450 4MATIC,"1,373"
290,MB,2019,GLE-Class,GLE300d 4MATIC,859
291,MB,2019,GLE-Class,GLE300d 4MATIC,859
292,MB,2019,A-Class,A200,"1,327"
293,MB,2019,A-Class,A200,"1,327"
294,MB,2019,C-Class,C220d,685
295,MB,2019,C-Class,C43 4MATIC AMG,94
296,MB,2019,C-Class,C43 4MATIC Cabriolet AMG,38
297,MB,2019,C-Class,C43 4MATIC Coupe AMG,15
298,MB,2019,C-Class,C63 AMG,10
299,MB,2019,C-Class,C200 Coupe,3
300,MB,2019,C-Class,C200 4MATIC,2
301,MB,2019,C-Class,C63 Cabriolet AMG,2
302,MB,2019,C-Class,C63 Coupe AMG,1
303,MB,2019,C-Class,C63 Coupe AMG,1
304,MB,2019,GLC-Class,GLC300 4MATIC Coupe,441
305,MB,2019,GLC-Class,GLC300 4MATIC,254
306,MB,2019,GLC-Class,AMG GLC43 4MATIC Coupe,40
307,MB,2019,GLC-Class,AMG GLC43 4MATIC,22
308,MB,2019,GLC-Class,AMG GLC63 S 4MATIC Coupe,17
309,MB,2019,GLC-Class,AMG GLC63 S 4MATIC+,14
310,MB,2019,GLC-Class,AMG GLC63 S 4MATIC+,14
311,MB,2019,Maybach,S560 4MATIC (2018),313
312,MB,2019,Maybach,S560 4MATIC,190
313,MB,2019,Maybach,S650,188
314,MB,2019,Maybach,S600,15
315,MB,2019,Maybach,S600,15
316,MB,2019,AMG GT,GT 43 4MATIC+,397
317,MB,2019,AMG GT, GT 63 S 4MATIC,98
318,MB,2019,AMG GT,GT AMG,1
319,MB,2019,AMG GT,GT AMG,1
320,MB,2019,G-Class,AMG G63,377
321,MB,2019,G-Class,AMG G63,377
322,MB,2019,SLC-Class,SLC250,104
323,MB,2019,SLC-Class,SLC43 AMG,2
324,MB,2019,SLC-Class,SLC43 AMG,2
325,MB,2019,CLA-Class,CLA250 4MATIC,50
326,MB,2019,CLA-Class,CLA 45 4MATIC AMG,42
327,MB,2019,CLA-Class,CLA220,8
328,MB,2019,CLA-Class,CLA200 CDI,2
329,MB,2019,CLA-Class,CLA200 CDI,2
330,MB,2019,GLS-Class,GLS500 4MATIC,99
331,MB,2019,GLS-Class,GLS500 4MATIC,99
332,MB,2019,GLE-Class,AMG GLE63 S 4MATIC Coupe,79
333,MB,2019,GLE-Class,AMG GLE63 S 4MATIC Coupe,79
334,MB,2019,SL-Class,SL400,50
335,MB,2019,SL-Class,SL63 AMG,1
336,MB,2019,SL-Class,SL63 AMG,1
337,MB,2019,EQC,EQC400 4MATIC,30
338,MB,2019,EQC,EQC400 4MATIC,30
339,MB,2019,A-Class,A200,9
340,MB,2019,A-Class,A45 AMG 4MATIC,6
341,MB,2019,A-Class,A45 AMG 4MATIC,6
342,MB,2019,B-class,B220,11
343,MB,2019,B-class,B220,11
344,MB,2020,E-Class,E300 4MATIC,"7,835"
345,MB,2020,E-Class,E250,"5,173"
346,MB,2020,E-Class,E300,"2,531"
347,MB,2020,E-Class,E220d,"1,781"
348,MB,2020,E-Class,E220d 4MATIC,"1,446"
349,MB,2020,E-Class,E450 4MATIC,"1,091"
350,MB,2020,E-Class,E300e 4MATIC,933
351,MB,2020,E-Class,E350 4MATIC,629
352,MB,2020,E-Class,E220d Cabriolet,493
353,MB,2020,E-Class,E220d Coupe,240
354,MB,2020,E-Class,E450 4MATIC Coupe,207
355,MB,2020,E-Class,AMG E53 4MATIC+,198
356,MB,2020,E-Class,E300e,169
357,MB,2020,E-Class,E450 4MATIC Cabriolet,140
358,MB,2020,E-Class,AMG E63 4MATIC+,139
359,MB,2020,E-Class,AMG E53 4MATIC+ Coupe,36
360,MB,2020,E-Class,E400 Cabriolet,1
361,MB,2020,E-Class,E450 Cabriolet,1
362,MB,2020,E-Class,E450 Cabriolet,1
363,MB,2020,The New E-Class,E250,"5,148"
364,MB,2020,The New E-Class,E350 4MATIC,"2,037"
365,MB,2020,The New E-Class,E220d 4MATIC,"1,976"
366,MB,2020,The New E-Class,E300e 4MATIC,"1,027"
367,MB,2020,The New E-Class,E450 4MATIC,298
368,MB,2020,The New E-Class,AMG E53 4MATIC+,69
369,MB,2020,The New E-Class,E450 4MATIC Coupe,24
370,MB,2020,The New E-Class,AMG E53 4MATIC+ Coupe,22
371,MB,2020,The New E-Class,E450 4MATIC Cabriolet,1
372,MB,2020,The New E-Class,E450 4MATIC Cabriolet,1
373,MB,2020,GLC-Class,GLC300 4MATIC,"2,259"
374,MB,2020,GLC-Class,GLC300 4MATIC Coupe,"1,891"
375,MB,2020,GLC-Class,GLC300e 4MATIC Coupe,"1,280"
376,MB,2020,GLC-Class,GLC300e 4MATIC,874
377,MB,2020,GLC-Class,GLC220d 4MATIC Coupe,444
378,MB,2020,GLC-Class,GLC220d 4MATIC,220
379,MB,2020,GLC-Class,AMG GLC43 4MATIC Coupe,166
380,MB,2020,GLC-Class,AMG GLC43 4MATIC,96
381,MB,2020,GLC-Class,AMG GLC63 S 4MATIC Coupe,37
382,MB,2020,GLC-Class,AMG GLC63 S 4MATIC+,33
383,MB,2020,GLC-Class,AMG GLC63 S 4MATIC+ Coupe,8
384,MB,2020,GLC-Class,AMG GLC63 S 4MATIC+ Coupe,8
385,MB,2020,S-Class,S350d 4MATIC,"2,042"
386,MB,2020,S-Class,S560 4MATIC Long,"1,177"
387,MB,2020,S-Class,S450 4MATIC Long,984
388,MB,2020,S-Class,S350 Long,659
389,MB,2020,S-Class,S350d,586
390,MB,2020,S-Class,AMG S63 4MATIC+ L,260
391,MB,2020,S-Class,S560e,201
392,MB,2020,S-Class,S450 4MATIC Coupe,76
393,MB,2020,S-Class,AMG S63 4MATIC+ Coupe,35
394,MB,2020,S-Class,AMG S63 4MATIC Coupe,34
395,MB,2020,S-Class,AMG S63 4MATIC+ Cabriolet,14
396,MB,2020,S-Class,S560 Long,3
397,MB,2020,S-Class,AMG S63 4MATIC Cabriolet,2
398,MB,2020,S-Class,AMG S65 Coupe,1
399,MB,2020,S-Class,AMG S65 Coupe,1
400,MB,2020,A-Class,A220 Sedan,"4,014"
401,MB,2020,A-Class,A220,927
402,MB,2020,A-Class,A250 4MATIC,782
403,MB,2020,A-Class,AMG A35 4MATIC,171
404,MB,2020,A-Class,A200d,39
405,MB,2020,A-Class,A200,20
406,MB,2020,A-Class,AMG A45 4MATIC,16
407,MB,2020,A-Class,AMG A45 4MATIC,16
408,MB,2020,C-Class,C200,"3,418"
409,MB,2020,C-Class,C220d 4MATIC,841
410,MB,2020,C-Class,C200 Cabriolet,422
411,MB,2020,C-Class,C200 Coupe,367
412,MB,2020,C-Class,AMG C43 4MATIC,137
413,MB,2020,C-Class,AMG C43 4MATIC Cabriolet,73
414,MB,2020,C-Class,AMG C63 S Coupe,46
415,MB,2020,C-Class,AMG C43 4MATIC Coupe,20
416,MB,2020,C-Class,C220d,14
417,MB,2020,C-Class,C350e,11
418,MB,2020,C-Class,C220d 4MATIC Coupe,7
419,MB,2020,C-Class,AMG C63 Coupe,1
420,MB,2020,C-Class,AMG C63 Coupe,1
421,MB,2020,CLS-Class,CLS450 4MATIC,"2,558"
422,MB,2020,CLS-Class,CLS300d,"2,316"
423,MB,2020,CLS-Class,AMG CLS53 4MATIC+,302
424,MB,2020,CLS-Class,CLS400d 4MATIC,67
425,MB,2020,CLS-Class,CLS400d 4MATIC,67
426,MB,2020,GLE-Class,GLE450 4MATIC,"2,178"
427,MB,2020,GLE-Class,GLE300d 4MATIC,"1,422"
428,MB,2020,GLE-Class,GLE400d 4MATIC Coupe,244
429,MB,2020,GLE-Class,GLE400d 4MATIC Coupe,244
430,MB,2020,CLA-Class,CLA250 4MATIC,"2,434"
431,MB,2020,CLA-Class,AMG CLA45 S 4MATIC+,117
432,MB,2020,CLA-Class,AMG CLA45 S 4MATIC+,117
433,MB,2020,GLB-Class,GLB250 4MATIC,"1,061"
434,MB,2020,GLB-Class,GLB220,588
435,MB,2020,GLB-Class,GLB220,588
436,MB,2020,GLA-Class,GLA250 4MATIC,"1,628"
437,MB,2020,GLA-Class,GLA250 4MATIC,"1,628"
438,MB,2020,AMG GT,GT 43 4MATIC+,"1,008"
439,MB,2020,AMG GT, GT 63 S 4MATIC,203
440,MB,2020,AMG GT,GT AMG,1
441,MB,2020,AMG GT,GT AMG,1
442,MB,2020,G-Class,AMG G63,852
443,MB,2020,G-Class,AMG G63,852
444,MB,2020,EQC,EQC400 4MATIC,608
445,MB,2020,EQC,EQC400 4MATIC,608
446,MB,2020,Maybach,S560 4MATIC,333
447,MB,2020,Maybach,S650,55
448,MB,2020,Maybach,S600,23
449,MB,2020,Maybach,S650 Pullman,1
450,MB,2020,Maybach,S650 Pullman,1
451,MB,2020,GLE-Class,AMG GLE63 S 4MATIC Coupe,152
452,MB,2020,GLE-Class,AMG GLE63 S 4MATIC Coupe,152
453,MB,2020,GLS-Class,GLS580 4MATIC,146
454,MB,2020,GLS-Class,GLS580 4MATIC,146
455,MB,2020,GLC-Class,AMG GLC43 4MATIC,49
456,MB,2020,GLC-Class,AMG GLC43 4MATIC Coupe,35
457,MB,2020,GLC-Class,AMG GLC63 S 4MATIC Coupe,34
458,MB,2020,GLC-Class,GLC350e 4MATIC,19
459,MB,2020,GLC-Class,AMG GLC63 4MATIC+,5
460,MB,2020,GLC-Class,AMG GLC63 4MATIC+,5
461,MB,2020,SLC-Class,SLC250,32
462,MB,2020,SLC-Class,SLC43 AMG,1
463,MB,2020,SLC-Class,SLC43 AMG,1
464,MB,2020,GLS-Class,GLS500 4MATIC,14
465,MB,2020,GLS-Class,GLS500 4MATIC,14
466,MB,2020,The New AMG GT,GT,12
467,MB,2020,The New AMG GT,GT C Roadster,2
468,MB,2020,The New AMG GT,GT C Roadster,2
469,MB,2020,GLA-Class,AMG GLA45 4MATIC,4
470,MB,2020,GLA-Class,GLA220,2
471,MB,2020,GLA-Class,GLA250 4MATIC,2
472,MB,2020,GLA-Class,GLA250 4MATIC,2
473,MB,2020,C-Class,C350e,4
474,MB,2020,C-Class,C200 4MATIC,3
475,MB,2020,C-Class,C200 4MATIC,3
476,MB,2020,CLA-Class,CLA250 4MATIC,6
477,MB,2020,CLA-Class,CLA250 4MATIC,6
478,MB,2020,SL-Class,SL400,3
479,MB,2020,SL-Class,SL400,3
480,MB,2020,A-Class,A200,2
481,MB,2020,A-Class,A200,2
482,MB,2021,The New E-Class,E250,"6,787"
483,MB,2021,The New E-Class,E350 4MATIC,"3,380"
484,MB,2021,The New E-Class,E300e 4MATIC,"1,567"
485,MB,2021,The New E-Class,E450 4MATIC,796
486,MB,2021,The New E-Class,E220d 4MATIC,401
487,MB,2021,The New E-Class,E450 4MATIC Cabriolet,293
488,MB,2021,The New E-Class,E450 4MATIC Coupe,172
489,MB,2021,The New E-Class,AMG E53 4MATIC+,80
490,MB,2021,The New E-Class,AMG E53 4MATIC+ Coupe,56
491,MB,2021,The New E-Class,AMG E53 4MATIC+ Coupe,56
492,MB,2021,GLC-Class,GLC300e 4MATIC Coupe,983
493,MB,2021,GLC-Class,GLC300e 4MATIC,945
494,MB,2021,GLC-Class,GLC220d 4MATIC Coupe,549
495,MB,2021,GLC-Class,GLC220d 4MATIC,444
496,MB,2021,GLC-Class,GLC300 4MATIC Coupe,235
497,MB,2021,GLC-Class,AMG GLC43 4MATIC Coupe,105
498,MB,2021,GLC-Class,AMG GLC43 4MATIC,54
499,MB,2021,GLC-Class,GLC300 4MATIC,50
500,MB,2021,GLC-Class,GLC300 4MATIC,50
501,MB,2021,GLE-Class,GLE400d 4MATIC Coupe,"1,557"
502,MB,2021,GLE-Class,GLE450 4MATIC,908
503,MB,2021,GLE-Class,GLE300d 4MATIC,491
504,MB,2021,GLE-Class,AMG GLE53 4MATIC+ Coupe,146
505,MB,2021,GLE-Class,AMG GLE53 4MATIC+,72
506,MB,2021,GLE-Class,AMG GLE53 4MATIC+,72
507,MB,2021,A-Class,A220 Sedan,"1,569"
508,MB,2021,A-Class,A220,754
509,MB,2021,A-Class,AMG A45 4MATIC,115
510,MB,2021,A-Class,A250 4MATIC,115
511,MB,2021,A-Class,AMG A35 4MATIC,95
512,MB,2021,A-Class,A200d,78
513,MB,2021,A-Class,A200d,78
514,MB,2021,GLB-Class,GLB250 4MATIC,"1,620"
515,MB,2021,GLB-Class,GLB220,753
516,MB,2021,GLB-Class,AMG GLB35 4MATIC,281
517,MB,2021,GLB-Class,GLB200d,63
518,MB,2021,GLB-Class,GLB200d,63
519,MB,2021,The new S-Class,S580 4MATIC,"1,026"
520,MB,2021,The new S-Class,S400d 4MATIC,749
521,MB,2021,The new S-Class,S350d,557
522,MB,2021,The new S-Class,S350d,557
523,MB,2021,CLS-Class,CLS450 4MATIC,"1,845"
524,MB,2021,CLS-Class,AMG CLS53 4MATIC+,130
525,MB,2021,CLS-Class,CLS300d,10
526,MB,2021,CLS-Class,CLS300d,10
527,MB,2021,C-Class,C200,611
528,MB,2021,C-Class,C220d 4MATIC,209
529,MB,2021,C-Class,C200 Cabriolet,172
530,MB,2021,C-Class,C200 Coupe,110
531,MB,2021,C-Class,AMG C43 4MATIC Coupe,25
532,MB,2021,C-Class,AMG C63 S Coupe,20
533,MB,2021,C-Class,AMG C43 4MATIC,8
534,MB,2021,C-Class,AMG C43 4MATIC,8
535,MB,2021,G-Class,AMG G63,862
536,MB,2021,G-Class,G400d,183
537,MB,2021,G-Class,G400d,183
538,MB,2021,GLA-Class,GLA220,590
539,MB,2021,GLA-Class,GLA250 4MATIC,368
540,MB,2021,GLA-Class,AMG GLA45 4MATIC+,10
541,MB,2021,GLA-Class,AMG GLA45 4MATIC+,10
542,MB,2021,AMG GT,GT 43 4MATIC+,592
543,MB,2021,AMG GT, GT 63 S 4MATIC,70
544,MB,2021,AMG GT, GT 63 S 4MATIC,70
545,MB,2021,GLS-Class,GLS400d 4MATIC,447
546,MB,2021,GLS-Class,GLS580 4MATIC,186
547,MB,2021,GLS-Class,GLS580 4MATIC,186
548,MB,2021,S-Class,S560 4MATIC Long,150
549,MB,2021,S-Class,S450 4MATIC Long,91
550,MB,2021,S-Class,S350d 4MATIC,60
551,MB,2021,S-Class,S560e,42
552,MB,2021,S-Class,AMG S63 4MATIC+ Coupe,32
553,MB,2021,S-Class,AMG S63 4MATIC+ L,18
554,MB,2021,S-Class,S350 Long,12
555,MB,2021,S-Class,S450 4MATIC Coupe,9
556,MB,2021,S-Class,AMG S63 4MATIC Coupe,8
557,MB,2021,S-Class,S450 Long,1
558,MB,2021,S-Class,S450 Long,1
559,MB,2021,EQC,EQC400 4MATIC,309
560,MB,2021,EQC,EQC400 4MATIC,309
561,MB,2021,CLA-Class,CLA250 4MATIC,239
562,MB,2021,CLA-Class,AMG CLA45 S 4MATIC+,3
563,MB,2021,CLA-Class,AMG CLA45 S 4MATIC+,3
564,MB,2021,Maybach GLS,GLS600 4MATIC,21
565,MB,2021,Maybach GLS,GLS600 4MATIC,21
566,MB,2021,E-Class,E220d,7
567,MB,2021,E-Class,E300 4MATIC,5
568,MB,2021,E-Class,E300,3
569,MB,2021,E-Class,AMG E63 4MATIC+,3
570,MB,2021,E-Class,E220d Cabriolet,1
571,MB,2021,E-Class,E220d Coupe,1
572,MB,2021,E-Class,E220d Coupe,1
573,MB,2021,The New AMG GT,GT,9
574,MB,2021,The New AMG GT,GT C Roadster,7
575,MB,2021,The New AMG GT,GT R,1
576,MB,2021,The New AMG GT,GT R,1
577,MB,2021,Maybach,S650 Pullman,10
578,MB,2021,Maybach,S560 4MATIC,3
579,MB,2021,Maybach,S650,2
580,MB,2021,Maybach,S500 4MATIC,1
581,MB,2021,Maybach,S500 4MATIC,1
0,Audi,2017,A7,50 TDI quattro,627
1,Audi,2017,A7,40 TDI,36
2,Audi,2017,A7,55 TDI quattro,22
3,Audi,2017,A7,50 TFSI quattro,8
4,Audi,2017,A7,50 TFSI quattro,8
5,Audi,2017,A6,40 TDI quattro,151
6,Audi,2017,A6,55 TDI quattro,68
7,Audi,2017,A6,50 TFSI quattro,58
8,Audi,2017,A6,50 TDI quattro,58
9,Audi,2017,A6,S6 4.0 TFSI quattro,2
10,Audi,2017,A6,S6 4.0 TFSI quattro,2
11,Audi,2017,A4,45 TFSI,63
12,Audi,2017,A4,45 TFSI quattro,11
13,Audi,2017,A4,55 TDI quattro,1
14,Audi,2017,A4,55 TDI quattro,1
15,Audi,2017,R8,5.2 FSI Plus Coupe,43
16,Audi,2017,R8,5.2 FSI Plus Coupe,43
17,Audi,2017,Q5,45 TDI quattro,16
18,Audi,2017,Q5,SQ5 3.0 TDI quattro,5
19,Audi,2017,Q5,SQ5 3.0 TDI quattro,5
20,Audi,2017,TT,TTS Coupe,5
21,Audi,2017,TT,TTS Coupe,5
22,Audi,2017,A8,L W12,1
23,Audi,2017,A8,L W12,1
24,Audi,2017,Q7,35 TDI quattro,1
25,Audi,2017,Q7,35 TDI quattro,1
26,Audi,2018,A6,35 TDI,"5,194"
27,Audi,2018,A6,35 TDI quattro,"1,551"
28,Audi,2018,A6,40 TFSI,"1,255"
29,Audi,2018,A6,40 TFSI quattro,153
30,Audi,2018,A6,40 TFSI quattro,153
31,Audi,2018,A3,40 TFSI,"3,048"
32,Audi,2018,A3,40 TFSI,"3,048"
33,Audi,2018,A4,30 TDI,789
34,Audi,2018,A4,35 TDI,481
35,Audi,2018,A4,35 TDI quattro,409
36,Audi,2018,A4,35 TDI quattro,409
37,Audi,2018,A7,50 TDI quattro,214
38,Audi,2018,A7,50 TDI quattro,214
39,Audi,2018,R8,5.2 FSI Plus Coupe,56
40,Audi,2018,R8,5.2 FSI Plus Coupe,56
41,Audi,2019,Q7,45 TFSI quattro,"4,156"
42,Audi,2019,Q7,45 TFSI quattro,"4,156"
43,Audi,2019,A6,45 TFSI quattro,"2,666"
44,Audi,2019,A6,40 TDI,354
45,Audi,2019,A6,40 TDI,354
46,Audi,2019,A6,40 TFSI,"2,460"
47,Audi,2019,A6,40 TFSI quattro,100
48,Audi,2019,A6,40 TFSI quattro,100
49,Audi,2019,A4,40 TFSI,"1,230"
50,Audi,2019,A4,40 TFSI,"1,230"
51,Audi,2019,A5,Sportback 45 TFSI quattro,"1,099"
52,Audi,2019,A5,Cabriolet 45 TFSI quattro,23
53,Audi,2019,A5,Coupe 45 TFSI quattro,16
54,Audi,2019,A5,Coupe 45 TFSI quattro,16
55,Audi,2019,A3,40 TFSI,447
56,Audi,2019,A3,40 TFSI,447
57,Audi,2019,A8,L 55 TFSI quattro,142
58,Audi,2019,A8,L 55 TFSI quattro,142
59,Audi,2020,A6,40 TDI,"4,923"
60,Audi,2020,A6,45 TFSI,"2,483"
61,Audi,2020,A6,45 TFSI quattro,"2,144"
62,Audi,2020,A6,40 TDI quattro,"1,102"
63,Audi,2020,A6,45 TDI quattro,840
64,Audi,2020,A6,50 TDI quattro,80
65,Audi,2020,A6,S6 TDI,40
66,Audi,2020,A6,S6 TDI,40
67,Audi,2020,Q3,35 TDI,"1,423"
68,Audi,2020,Q3,Sportback 35 TDI,736
69,Audi,2020,Q3,Sportback 35 TDI,736
70,Audi,2020,A7,55 TFSI quattro,"1,206"
71,Audi,2020,A7,50 TDI quattro,700
72,Audi,2020,A7,45 TDI quattro,148
73,Audi,2020,A7,S7 TDI,93
74,Audi,2020,A7,S7 TDI,93
75,Audi,2020,Q5,45 TFSI quattro,987
76,Audi,2020,Q5,40 TDI quattro,757
77,Audi,2020,Q5,50 TDI quattro,132
78,Audi,2020,Q5,SQ5 TDI,131
79,Audi,2020,Q5,SQ5 TDI,131
80,Audi,2020,A4,40 TFSI,"1,251"
81,Audi,2020,A4,35 TDI,18
82,Audi,2020,A4,40 TDI quattro,11
83,Audi,2020,A4,40 TDI quattro,11
84,Audi,2020,Q7,45 TDI quattro,900
85,Audi,2020,Q7,50 TDI quattro,190
86,Audi,2020,Q7,50 TDI quattro,190
87,Audi,2020,Q8,50 TDI quattro,572
88,Audi,2020,Q8,45 TDI quattro,285
89,Audi,2020,Q8,SQ8 TDI,139
90,Audi,2020,Q8,SQ8 TDI,139
91,Audi,2020,A3,40 TFSI,796
92,Audi,2020,A3,40 TFSI,796
93,Audi,2020,A4,40 TFSI,529
94,Audi,2020,A4,35 TDI,145
95,Audi,2020,A4,40 TDI quattro,21
96,Audi,2020,A4,40 TDI quattro,21
97,Audi,2020,A5,Sportback 45 TFSI quattro,571
98,Audi,2020,A5,Coupe 45 TFSI quattro,57
99,Audi,2020,A5,Sportback 40 TDI quattro,25
100,Audi,2020,A5,Cabriolet 45 TFSI quattro,16
101,Audi,2020,A5,Cabriolet 45 TFSI quattro,16
102,Audi,2020,e-tron,55 quattro,601
103,Audi,2020,e-tron,55 quattro,601
104,Audi,2020,A5,Sportback 45 TFSI quattro,344
105,Audi,2020,A5,Sportback 40 TDI quattro,189
106,Audi,2020,A5,Cabriolet 45 TFSI quattro,29
107,Audi,2020,A5,Coupe 45 TFSI quattro,29
108,Audi,2020,A5,Coupe 45 TFSI quattro,29
109,Audi,2020,A8,L 55 TFSI quattro,265
110,Audi,2020,A8,L 50 TDI quattro,171
111,Audi,2020,A8,50 TDI quattro,55
112,Audi,2020,A8,S8 L TFSI,34
113,Audi,2020,A8,L 60 TFSI quattro,14
114,Audi,2020,A8,L 60 TFSI quattro,14
115,Audi,2020,Q2,35 TDI,329
116,Audi,2020,Q2,35 TDI,329
117,Audi,2020,Q7,45 TFSI quattro,2
118,Audi,2020,Q7,45 TFSI quattro,2
119,Audi,2021,A6,45 TFSI,"1,675"
120,Audi,2021,A6,45 TFSI quattro,"1,553"
121,Audi,2021,A6,40 TDI,762
122,Audi,2021,A6,40 TDI quattro,392
123,Audi,2021,A6,45 TDI quattro,315
124,Audi,2021,A6,50 TDI quattro,67
125,Audi,2021,A6,S6 TDI,20
126,Audi,2021,A6,S6 TDI,20
127,Audi,2021,A7,55 TFSI quattro,693
128,Audi,2021,A7,50 TDI quattro,185
129,Audi,2021,A7,45 TDI quattro,129
130,Audi,2021,A7,S7 TDI,44
131,Audi,2021,A7,S7 TDI,44
132,Audi,2021,Q8,50 TDI quattro,338
133,Audi,2021,Q8,55 TFSI quattro,236
134,Audi,2021,Q8,45 TDI quattro,114
135,Audi,2021,Q8,SQ8 TDI,41
136,Audi,2021,Q8,SQ8 TDI,41
137,Audi,2021,A4,40 TFSI,410
138,Audi,2021,A4,35 TDI,102
139,Audi,2021,A4,45 TFSI quattro,43
140,Audi,2021,A4,40 TDI quattro,19
141,Audi,2021,A4,40 TDI quattro,19
142,Audi,2021,Q7,45 TDI quattro,362
143,Audi,2021,Q7,55 TFSI quattro,76
144,Audi,2021,Q7,50 TDI quattro,53
145,Audi,2021,Q7,50 TDI quattro,53
146,Audi,2021,A5,Sportback 40 TDI quattro,193
147,Audi,2021,A5,Sportback 45 TFSI quattro,132
148,Audi,2021,A5,Sportback 40 TFSI quattro,67
149,Audi,2021,A5,Cabriolet 45 TFSI quattro,35
150,Audi,2021,A5,Coupe 45 TFSI quattro,16
151,Audi,2021,A5,Coupe 45 TFSI quattro,16
152,Audi,2021,A8,L 55 TFSI quattro,147
153,Audi,2021,A8,L 50 TDI quattro,97
154,Audi,2021,A8,50 TDI quattro,54
155,Audi,2021,A8,L 60 TFSI quattro,43
156,Audi,2021,A8,S8 L TFSI,11
157,Audi,2021,A8,S8 L TFSI,11
158,Audi,2021,Q5,40 TDI quattro,142
159,Audi,2021,Q5,SQ5 TDI,99
160,Audi,2021,Q5,50 TDI quattro,61
161,Audi,2021,Q5,45 TFSI quattro,3
162,Audi,2021,Q5,45 TFSI quattro,3
163,Audi,2021,e-tron,55 quattro,70
164,Audi,2021,e-tron,Sportback 50 quattro,6
165,Audi,2021,e-tron,50 quattro,1
166,Audi,2021,e-tron,50 quattro,1
167,Audi,2021,Q3,Sportback 35 TDI,47
168,Audi,2021,Q3,35 TDI,27
169,Audi,2021,Q3,35 TDI,27
170,Audi,2021,Q2,35 TDI,38
171,Audi,2021,Q2,35 TDI,38
172,Audi,2021,The new audi R8,V10 performance,32
173,Audi,2021,The new audi R8,V10 performance,32
0,Volkswagen,2018,Tiguan,2.0 TDI,"4,567"
1,Volkswagen,2018,Tiguan,2.0 TDI 4Motion,"2,010"
2,Volkswagen,2018,Tiguan,Allspace 2.0 TDI,928
3,Volkswagen,2018,Tiguan,Allspace 2.0 TDI,928
4,Volkswagen,2018,Passat,2.0 TSI,"4,387"
5,Volkswagen,2018,Passat,2.0 TSI,"4,387"
6,Volkswagen,2018,Passat GT,2.0 TDI,"2,534"
7,Volkswagen,2018,Passat GT,2.0 TDI 4Motion,588
8,Volkswagen,2018,Passat GT,2.0 TDI 4Motion,588
9,Volkswagen,2018,Arteon,2.0 TDI,780
10,Volkswagen,2018,Arteon,2.0 TDI,780
11,Volkswagen,2019,Arteon,2.0 TDI,"6,784"
12,Volkswagen,2019,Arteon,2.0 TDI,"6,784"
13,Volkswagen,2019,Tiguan,2.0 TDI,"3,055"
14,Volkswagen,2019,Tiguan,2.0 TDI 4Motion,1
15,Volkswagen,2019,Tiguan,2.0 TDI 4Motion,1
16,Volkswagen,2019,Passat,2.0 TSI,421
17,Volkswagen,2019,Passat,2.0 TSI,421
18,Volkswagen,2020,Tiguan,2.0 TDI,"8,631"
19,Volkswagen,2020,Tiguan,Allspace 2.0 TDI,"1,534"
20,Volkswagen,2020,Tiguan,2.0 TDI 4Motion,"1,498"
21,Volkswagen,2020,Tiguan,2.0 TDI 4Motion,"1,498"
22,Volkswagen,2020,The all new Jetta,1.4 TSI,"2,625"
23,Volkswagen,2020,The all new Jetta,1.4 TSI,"2,625"
24,Volkswagen,2020,Arteon,2.0 TDI,"2,194"
25,Volkswagen,2020,Arteon,2.0 TDI 4Motion,230
26,Volkswagen,2020,Arteon,2.0 TDI 4Motion,230
27,Volkswagen,2020,The new Touareg,3.0 TDI,821
28,Volkswagen,2020,The new Touareg,4.0 TDI,66
29,Volkswagen,2020,The new Touareg,4.0 TDI,66
30,Volkswagen,2020,The new Passat GT,2.0 TDI,15
31,Volkswagen,2020,The new Passat GT,2.0 TDI 4Motion,1
32,Volkswagen,2020,The new Passat GT,2.0 TDI 4Motion,1
33,Volkswagen,2021,Tiguan,Allspace 2.0 TDI,"2,274"
34,Volkswagen,2021,Tiguan,2.0 TDI,1
35,Volkswagen,2021,Tiguan,2.0 TDI,1
36,Volkswagen,2021,The all new Jetta,1.4 TSI,"1,988"
37,Volkswagen,2021,The all new Jetta,1.4 TSI,"1,988"
38,Volkswagen,2021,Arteon,2.0 TDI,881
39,Volkswagen,2021,Arteon,2.0 TDI 4Motion,241
40,Volkswagen,2021,Arteon,2.0 TDI 4Motion,241
41,Volkswagen,2021,The new Passat GT,2.0 TDI,717
42,Volkswagen,2021,The new Passat GT,2.0 TDI 4Motion,109
43,Volkswagen,2021,The new Passat GT,2.0 TDI 4Motion,109
44,Volkswagen,2021,T-Roc,2.0 TDI,602
45,Volkswagen,2021,T-Roc,2.0 TDI,602
46,Volkswagen,2021,The new Touareg,3.0 TDI,235
47,Volkswagen,2021,The new Touareg,4.0 TDI,37
48,Volkswagen,2021,The new Touareg,4.0 TDI,37
0,Mini,2017,Hatch,Cooper,"1,248"
1,Mini,2017,Hatch,Cooper five-door,"1,245"
2,Mini,2017,Hatch,Cooper D,892
3,Mini,2017,Hatch,Cooper D five-door,887
4,Mini,2017,Hatch,John Cooper Works,243
5,Mini,2017,Hatch,Cooper S,202
6,Mini,2017,Hatch,Cooper S five-door,162
7,Mini,2017,Hatch,Cooper SD,69
8,Mini,2017,Hatch,Cooper SD five-door,55
9,Mini,2017,Hatch,Cooper SD five-door,55
10,Mini,2017,Countryman,Cooper D ALL4,"1,289"
11,Mini,2017,Countryman,Cooper D,877
12,Mini,2017,Countryman,Cooper SD ALL4,114
13,Mini,2017,Countryman,Cooper SD ALL4,114
14,Mini,2017,Clubman,1.5 Cooper,"1,010"
15,Mini,2017,Clubman,2.0 Cooper D,991
16,Mini,2017,Clubman,2.0 Cooper S,207
17,Mini,2017,Clubman,2.0 Cooper SD,19
18,Mini,2017,Clubman,2.0 Cooper SD,19
19,Mini,2017,Convertible,Cooper S,223
20,Mini,2017,Convertible,Cooper,182
21,Mini,2017,Convertible,Cooper,182
22,Mini,2017,Countryman,Cooper D ALL4,97
23,Mini,2017,Countryman,Cooper D ALL4,97
24,Mini,2018,Hatch,Cooper five-door,"1,530"
25,Mini,2018,Hatch,Cooper,"1,302"
26,Mini,2018,Hatch,Cooper D five-door,580
27,Mini,2018,Hatch,Cooper D,470
28,Mini,2018,Hatch,Cooper S,242
29,Mini,2018,Hatch,Cooper S five-door,203
30,Mini,2018,Hatch,John Cooper Works,182
31,Mini,2018,Hatch,Cooper SD five-door,31
32,Mini,2018,Hatch,Cooper SD,17
33,Mini,2018,Hatch,Cooper SD,17
34,Mini,2018,Clubman,1.5 Cooper,"1,763"
35,Mini,2018,Clubman,2.0 Cooper D,401
36,Mini,2018,Clubman,2.0 Cooper S,208
37,Mini,2018,Clubman,2.0 John Cooper Works,32
38,Mini,2018,Clubman,2.0 Cooper SD,20
39,Mini,2018,Clubman,2.0 Cooper SD,20
40,Mini,2018,Countryman,Cooper D ALL4,"1,084"
41,Mini,2018,Countryman,Cooper,658
42,Mini,2018,Countryman,Cooper D,329
43,Mini,2018,Countryman,Cooper S ALL4,135
44,Mini,2018,Countryman,John Cooper Works ALL4,49
45,Mini,2018,Countryman,Cooper SD ALL4,44
46,Mini,2018,Countryman,Cooper SD ALL4,44
47,Mini,2018,Convertible,Cooper S,235
48,Mini,2018,Convertible,Cooper,210
49,Mini,2018,Convertible,John Cooper Works,38
50,Mini,2018,Convertible,John Cooper Works,38
51,Mini,2019,Hatch,Cooper five-door,"2,216"
52,Mini,2019,Hatch,Cooper,"1,702"
53,Mini,2019,Hatch,Cooper S,362
54,Mini,2019,Hatch,Cooper D five-door,326
55,Mini,2019,Hatch,Cooper D,319
56,Mini,2019,Hatch,Cooper S five-door,310
57,Mini,2019,Hatch,John Cooper Works,197
58,Mini,2019,Hatch,Cooper SD,22
59,Mini,2019,Hatch,Cooper SD five-door,20
60,Mini,2019,Hatch,Cooper SD five-door,20
61,Mini,2019,Countryman,Cooper,"1,532"
62,Mini,2019,Countryman,Cooper D ALL4,508
63,Mini,2019,Countryman,Cooper S ALL4,251
64,Mini,2019,Countryman,John Cooper Works ALL4,73
65,Mini,2019,Countryman,Cooper SD ALL4,37
66,Mini,2019,Countryman,Cooper SD ALL4,37
67,Mini,2019,Clubman,1.5 Cooper,"1,077"
68,Mini,2019,Clubman,2.0 Cooper D,419
69,Mini,2019,Clubman,2.0 Cooper S,192
70,Mini,2019,Clubman,2.0 John Cooper Works,39
71,Mini,2019,Clubman,2.0 Cooper SD,13
72,Mini,2019,Clubman,2.0 Cooper SD,13
73,Mini,2019,Clubman,Cooper,565
74,Mini,2019,Clubman,Cooper S,67
75,Mini,2019,Clubman,Cooper D,42
76,Mini,2019,Clubman,Cooper SD,7
77,Mini,2019,Clubman,Cooper SD,7
78,Mini,2019,Convertible,Cooper S,230
79,Mini,2019,Convertible,Cooper,136
80,Mini,2019,Convertible,John Cooper Works,85
81,Mini,2019,Convertible,John Cooper Works,85
82,Mini,2020,Hatch,Cooper five-door,"2,378"
83,Mini,2020,Hatch,Cooper,"2,039"
84,Mini,2020,Hatch,Cooper S five-door,367
85,Mini,2020,Hatch,Cooper S,355
86,Mini,2020,Hatch,John Cooper Works,256
87,Mini,2020,Hatch,John Cooper Works,256
88,Mini,2020,Clubman,Cooper,"1,740"
89,Mini,2020,Clubman,Cooper D,481
90,Mini,2020,Clubman,Cooper S,222
91,Mini,2020,Clubman,John Cooper Works ALL4,86
92,Mini,2020,Clubman,Cooper SD,70
93,Mini,2020,Clubman,Cooper SD,70
94,Mini,2020,Countryman,Cooper,"1,117"
95,Mini,2020,Countryman,Cooper D ALL4,411
96,Mini,2020,Countryman,Cooper S ALL4,294
97,Mini,2020,Countryman,John Cooper Works ALL4,92
98,Mini,2020,Countryman,Cooper SD ALL4,31
99,Mini,2020,Countryman,Cooper SD ALL4,31
100,Mini,2020,Countryman,Cooper,528
101,Mini,2020,Countryman,Cooper S ALL4,108
102,Mini,2020,Countryman,Cooper D ALL4,76
103,Mini,2020,Countryman,John Cooper Works ALL4,50
104,Mini,2020,Countryman,Cooper SD ALL4,21
105,Mini,2020,Countryman,Cooper SD ALL4,21
106,Mini,2020,Convertible,Cooper S,211
107,Mini,2020,Convertible,Cooper,177
108,Mini,2020,Convertible,John Cooper Works,105
109,Mini,2020,Convertible,John Cooper Works,105
110,Mini,2020,Clubman,2.0 Cooper S,23
111,Mini,2020,Clubman,2.0 John Cooper Works,7
112,Mini,2020,Clubman,2.0 John Cooper Works,7
113,Mini,2021,Hatch,Cooper five-door,"1,100"
114,Mini,2021,Hatch,Cooper,738
115,Mini,2021,Hatch,Cooper S,131
116,Mini,2021,Hatch,Cooper S five-door,129
117,Mini,2021,Hatch,John Cooper Works,119
118,Mini,2021,Hatch,John Cooper Works,119
119,Mini,2021,Countryman,Cooper,951
120,Mini,2021,Countryman,Cooper S ALL4,198
121,Mini,2021,Countryman,Cooper D ALL4,169
122,Mini,2021,Countryman,John Cooper Works ALL4,61
123,Mini,2021,Countryman,Cooper SD ALL4,32
124,Mini,2021,Countryman,Cooper SD ALL4,32
125,Mini,2021,Clubman,Cooper,938
126,Mini,2021,Clubman,Cooper S,130
127,Mini,2021,Clubman,Cooper D,76
128,Mini,2021,Clubman,John Cooper Works ALL4,74
129,Mini,2021,Clubman,Cooper SD,6
130,Mini,2021,Clubman,Cooper SD,6
131,Mini,2021,Convertible,Cooper S,62
132,Mini,2021,Convertible,John Cooper Works,41
133,Mini,2021,Convertible,Cooper,22
134,Mini,2021,Convertible,Cooper,22
0,Volvo,2017,S90,2.0 D4,597
1,Volvo,2017,S90,2.0 T5,493
2,Volvo,2017,S90,2.0 D5 AWD,452
3,Volvo,2017,S90,2.0 D5 AWD,452
4,Volvo,2017,S60,2.0 D3,785
5,Volvo,2017,S60,2.0 D4,361
6,Volvo,2017,S60,2.0 T5,154
7,Volvo,2017,S60,2.0 Polestar,17
8,Volvo,2017,S60,2.0 D5,1
9,Volvo,2017,S60,2.0 D5,1
10,Volvo,2017,XC90,2.0 D5 AWD,755
11,Volvo,2017,XC90,2.0 T6 AWD,383
12,Volvo,2017,XC90,2.0 T8 AWD,81
13,Volvo,2017,XC90,2.0 T8 AWD,81
14,Volvo,2017,XC60,2.0 D4,533
15,Volvo,2017,XC60,2.0 D3,513
16,Volvo,2017,XC60,2.4 D5,138
17,Volvo,2017,XC60,T6 AWD,2
18,Volvo,2017,XC60,T6 AWD,2
19,Volvo,2017,XC60,2.0 D4 AWD,483
20,Volvo,2017,XC60,2.0 T6 AWD,113
21,Volvo,2017,XC60,2.0 T8 AWD,1
22,Volvo,2017,XC60,2.0 T8 AWD,1
23,Volvo,2017,V40,2.0 D3,471
24,Volvo,2017,V40,2.0 D4,59
25,Volvo,2017,V40,2.0 T5,40
26,Volvo,2017,V40,2.0 T5,40
27,Volvo,2017,V60 Cross Country,2.0 D4,257
28,Volvo,2017,V60 Cross Country,2.4 D4 AWD,64
29,Volvo,2017,V60 Cross Country,2.5 T5 AWD,63
30,Volvo,2017,V60 Cross Country,2.5 T5 AWD,63
31,Volvo,2017,V90 Cross Country,2.0 D5 AWD,356
32,Volvo,2017,V90 Cross Country,2.0 D5 AWD,356
33,Volvo,2017,V60,2.0 D3,133
34,Volvo,2017,V60,2.0 D4,25
35,Volvo,2017,V60,2.0 Polestar,12
36,Volvo,2017,V60,2.0 Polestar,12
37,Volvo,2017,V40 Cross Country,2.0 D3,76
38,Volvo,2017,V40 Cross Country,2.0 D4,25
39,Volvo,2017,V40 Cross Country,2.0 D4,25
40,Volvo,2017,S60 Cross Country,2.0 D4,8
41,Volvo,2017,S60 Cross Country,2.4 D4 AWD,2
42,Volvo,2017,S60 Cross Country,2.4 D4 AWD,2
43,Volvo,2018,XC60,2.0 D5 AWD,"2,069"
44,Volvo,2018,XC60,2.0 T6 AWD,716
45,Volvo,2018,XC60,2.0 D4 AWD,177
46,Volvo,2018,XC60,2.0 T8 AWD,30
47,Volvo,2018,XC60,2.0 T8 AWD,30
48,Volvo,2018,XC90,2.0 D5 AWD,"1,095"
49,Volvo,2018,XC90,2.0 T6 AWD,531
50,Volvo,2018,XC90,2.0 T8 AWD,103
51,Volvo,2018,XC90,2.0 T8 AWD,103
52,Volvo,2018,S90,2.0 T5,677
53,Volvo,2018,S90,2.0 D4,470
54,Volvo,2018,S90,2.0 D5 AWD,49
55,Volvo,2018,S90,2.0 D5 AWD,49
56,Volvo,2018,S60,2.0 D3,746
57,Volvo,2018,S60,2.0 D4,258
58,Volvo,2018,S60,2.0 T5,162
59,Volvo,2018,S60,2.0 Polestar,12
60,Volvo,2018,S60,2.0 Polestar,12
61,Volvo,2018,V90 Cross Country,2.0 T5 AWD,402
62,Volvo,2018,V90 Cross Country,2.0 D5 AWD,306
63,Volvo,2018,V90 Cross Country,2.0 D5 AWD,306
64,Volvo,2018,XC40,2.0 T4 AWD,556
65,Volvo,2018,XC40,2.0 T4 AWD,556
66,Volvo,2018,V40,2.0 D3,401
67,Volvo,2018,V40,2.0 T5,67
68,Volvo,2018,V40,2.0 T5,67
69,Volvo,2018,V40 Cross Country,2.0 D3,268
70,Volvo,2018,V40 Cross Country,2.0 D4,32
71,Volvo,2018,V40 Cross Country,2.0 D4,32
72,Volvo,2018,V60 Cross Country,2.0 D4,157
73,Volvo,2018,V60 Cross Country,2.5 T5 AWD,44
74,Volvo,2018,V60 Cross Country,2.5 T5 AWD,44
75,Volvo,2018,V60,2.0 D3,28
76,Volvo,2018,V60,2.0 D4,23
77,Volvo,2018,V60,2.0 Polestar,5
78,Volvo,2018,V60,2.0 Polestar,5
79,Volvo,2019,XC60,2.0 D5 AWD,"2,179"
80,Volvo,2019,XC60,2.0 T6 AWD,911
81,Volvo,2019,XC60,2.0 T8 AWD,116
82,Volvo,2019,XC60,2.0 T8 AWD,116
83,Volvo,2019,XC40,2.0 T4 AWD,"1,760"
84,Volvo,2019,XC40,2.0 T4 AWD,"1,760"
85,Volvo,2019,S90,2.0 T5,"1,323"
86,Volvo,2019,S90,2.0 D5 AWD,355
87,Volvo,2019,S90,2.0 T8 AWD,25
88,Volvo,2019,S90,2.0 T8 AWD,25
89,Volvo,2019,S60,2.0 T5,"1,276"
90,Volvo,2019,S60,2.0 T5,"1,276"
91,Volvo,2019,XC90,2.0 D5 AWD,754
92,Volvo,2019,XC90,2.0 T6 AWD,334
93,Volvo,2019,XC90,2.0 T8 AWD,80
94,Volvo,2019,XC90,2.0 T8 AWD,80
95,Volvo,2019,V60 Cross Country,2.0 T5 AWD,"1,108"
96,Volvo,2019,V60 Cross Country,2.0 T5 AWD,"1,108"
97,Volvo,2019,V90 Cross Country,2.0 T5 AWD,535
98,Volvo,2019,V90 Cross Country,2.0 D5 AWD,121
99,Volvo,2019,V90 Cross Country,2.0 D5 AWD,121
100,Volvo,2019,XC90,2.0 D5 AWD,206
101,Volvo,2019,XC90,2.0 T6 AWD,175
102,Volvo,2019,XC90,2.0 T8 AWD,26
103,Volvo,2019,XC90,2.0 T8 AWD,26
104,Volvo,2019,V40 Cross Country,2.0 D3,386
105,Volvo,2019,V40 Cross Country,2.0 D3,386
106,Volvo,2020,XC40,B4 AWD,"1,452"
107,Volvo,2020,XC40,2.0 T4 AWD,"1,103"
108,Volvo,2020,XC40,2.0 T4 AWD,"1,103"
109,Volvo,2020,XC60,2.0 T8 AWD,"1,000"
110,Volvo,2020,XC60,2.0 D5 AWD,866
111,Volvo,2020,XC60,2.0 T6 AWD,673
112,Volvo,2020,XC60,2.0 T6 AWD,673
113,Volvo,2020,S60,2.0 T5,"1,369"
114,Volvo,2020,S60,B5,749
115,Volvo,2020,S60,B5,749
116,Volvo,2020,V60 Cross Country,2.0 T5 AWD,"1,308"
117,Volvo,2020,V60 Cross Country,B5 AWD,621
118,Volvo,2020,V60 Cross Country,B5 AWD,621
119,Volvo,2020,XC90,2.0 T6 AWD,588
120,Volvo,2020,XC90,2.0 T8 AWD,432
121,Volvo,2020,XC90,2.0 D5 AWD,343
122,Volvo,2020,XC90,2.0 D5 AWD,343
123,Volvo,2020,S90,2.0 T5,599
124,Volvo,2020,S90,2.0 D5 AWD,377
125,Volvo,2020,S90,2.0 T8 AWD,160
126,Volvo,2020,S90,2.0 T8 AWD,160
127,Volvo,2020,S90,B5,640
128,Volvo,2020,S90,B5,640
129,Volvo,2020,V90 Cross Country,2.0 T5 AWD,347
130,Volvo,2020,V90 Cross Country,2.0 D5 AWD,11
131,Volvo,2020,V90 Cross Country,2.0 D5 AWD,11
132,Volvo,2020,V90 Cross Country,B5 AWD,160
133,Volvo,2020,V90 Cross Country,B5 AWD,160
134,Volvo,2021,XC60,2.0 T8 AWD,983
135,Volvo,2021,XC60,B5 AWD,285
136,Volvo,2021,XC60,B6 AWD,133
137,Volvo,2021,XC60,B6 AWD,133
138,Volvo,2021,XC40,B4 AWD,"1,210"
139,Volvo,2021,XC40,B4 AWD,"1,210"
140,Volvo,2021,S90,B5,945
141,Volvo,2021,S90,B6 AWD,142
142,Volvo,2021,S90,B6 AWD,142
143,Volvo,2021,S60,B5,875
144,Volvo,2021,S60,B5,875
145,Volvo,2021,V60 Cross Country,B5 AWD,721
146,Volvo,2021,V60 Cross Country,B5 AWD,721
147,Volvo,2021,XC90,2.0 T8 AWD,464
148,Volvo,2021,XC90,B6 AWD,155
149,Volvo,2021,XC90,B6 AWD,155
150,Volvo,2021,V90 Cross Country,B5 AWD,205
151,Volvo,2021,V90 Cross Country,B6 AWD,7
152,Volvo,2021,V90 Cross Country,B6 AWD,7
153,Volvo,2021,S90,2.0 T8 AWD,53
154,Volvo,2021,S90,2.0 T8 AWD,53
